InvoiceId,InvoiceDate,InvoiceAmount,CustomerId
1,1/7/2019,81.75,1
2,1/7/2019,49.9,2
3,1/7/2019,485.3,3
4,1/7/2019,2.95,4
5,1/7/2019,60,5
6,1/7/2019,67.27,6
7,1/8/2019,99.72,7
8,1/9/2019,19.92,8
9,1/9/2019,17.7,9
10,1/9/2019,20.65,10
11,1/9/2019,95.6,11
12,1/9/2019,64.8,12
13,1/9/2019,139.65,13
14,1/9/2019,44.9,14
15,1/9/2019,51.8,15
16,1/9/2019,19.95,16
17,1/9/2019,111.4,17
18,1/9/2019,5.9,18
19,1/10/2019,129.35,19
20,1/10/2019,51.8,20
21,1/10/2019,369.4,21
22,1/10/2019,94.55,22
23,1/10/2019,27.95,23
24,1/10/2019,23.6,24
25,1/10/2019,109.62,25
26,1/10/2019,69.65,26
27,1/10/2019,224.65,27
28,1/11/2019,112.7,28
29,1/11/2019,229.22,29
30,1/11/2019,155.2,30
31,1/11/2019,19.93,31
32,1/11/2019,279.44,32
33,1/11/2019,62.31,33
34,1/11/2019,26.55,34
35,1/11/2019,22.41,35
36,1/11/2019,43.52,36
37,1/11/2019,442.2,37
38,1/11/2019,164.6,8
39,1/11/2019,338.05,7
40,1/12/2019,14.95,38
41,1/12/2019,308.05,39
42,1/12/2019,109.5,40
43,1/12/2019,199.8,41
44,1/12/2019,164.5,42
45,1/12/2019,104.65,43
46,1/12/2019,38.85,44
47,1/12/2019,25.9,45
48,1/12/2019,158.2,36
49,1/12/2019,119.7,38
50,1/12/2019,22.41,37
51,1/14/2019,2.49,46
52,1/14/2019,219.75,47
53,1/14/2019,77.7,48
54,1/14/2019,2.95,49
55,1/14/2019,125.65,50
56,1/14/2019,462.5,51
57,1/14/2019,61.26,52
58,1/14/2019,238.35,53
59,1/14/2019,181.3,7
60,1/15/2019,52.5,54
61,1/15/2019,26.8,55
62,1/15/2019,51.8,56
63,1/15/2019,20.65,57
64,1/15/2019,14.75,58
65,1/15/2019,84.69,59
66,1/15/2019,2.49,60
67,1/15/2019,51.8,61
68,1/15/2019,83.4,62
69,1/15/2019,184.42,63
70,1/15/2019,170.45,24
71,1/15/2019,89.7,10
72,1/16/2019,11.8,64
73,1/16/2019,119.7,65
74,1/16/2019,587.05,66
75,1/16/2019,159.6,67
76,1/16/2019,20.65,68
77,1/16/2019,470.2,24
78,1/16/2019,56.01,41
79,1/17/2019,8.85,69
80,1/17/2019,197.3,70
81,1/17/2019,27.39,71
82,1/17/2019,214.54,72
83,1/17/2019,524.25,73
84,1/17/2019,64.75,74
85,1/17/2019,389.2,10
86,1/17/2019,37.43,37
87,1/18/2019,114.7,75
88,1/18/2019,124.02,76
89,1/18/2019,77.7,77
90,1/18/2019,345.05,78
91,1/18/2019,28.8,79
92,1/18/2019,257.3,80
93,1/18/2019,20.65,81
94,1/18/2019,26.55,44
95,1/18/2019,51.8,24
96,1/19/2019,99.75,82
97,1/19/2019,261.81,83
98,1/19/2019,12.45,84
99,1/19/2019,159.7,53
100,1/21/2019,2.49,85
101,1/21/2019,25.9,86
102,1/21/2019,116.55,87
103,1/21/2019,46.55,88
104,1/21/2019,35.59,89
105,1/21/2019,42.4,90
106,1/21/2019,171.25,91
107,1/21/2019,119.7,24
108,1/21/2019,103.6,74
109,1/21/2019,314.65,38
110,1/22/2019,811,92
111,1/22/2019,59.7,93
112,1/22/2019,167.7,73
113,1/22/2019,154.45,13
114,1/22/2019,225.87,65
115,1/22/2019,94.67,84
116,1/23/2019,154.65,94
117,1/23/2019,2.95,95
118,1/23/2019,26.55,96
119,1/23/2019,199.6,97
120,1/23/2019,35.4,98
121,1/23/2019,224.25,99
122,1/23/2019,429.45,100
123,1/23/2019,290.45,101
124,1/23/2019,17.7,102
125,1/23/2019,155.3,103
126,1/23/2019,135.5,37
127,1/24/2019,92.31,104
128,1/24/2019,25.17,105
129,1/24/2019,27.65,106
130,1/24/2019,189.51,107
131,1/24/2019,79.8,108
132,1/24/2019,177.64,109
133,1/24/2019,134.55,110
134,1/24/2019,120.6,111
135,1/24/2019,303.25,112
136,1/24/2019,19.9,113
137,1/24/2019,79.6,102
138,1/24/2019,299.7,44
139,1/24/2019,194.55,94
140,1/24/2019,299.7,102
141,1/25/2019,46.47,114
142,1/25/2019,104.65,115
143,1/25/2019,77.7,73
144,1/25/2019,116.05,38
145,1/26/2019,69.65,116
146,1/26/2019,14.29,117
147,1/26/2019,104.65,118
148,1/26/2019,77.7,119
149,1/26/2019,567.95,120
150,1/26/2019,191.3,121
151,1/26/2019,25.9,122
152,1/26/2019,74.85,123
153,1/26/2019,161.35,124
154,1/26/2019,129.81,10
155,1/26/2019,212.19,38
156,1/26/2019,299.7,65
157,1/26/2019,77.7,94
158,1/26/2019,153.5,17
159,1/27/2019,167.7,125
160,1/27/2019,339.2,126
161,1/27/2019,180.25,127
162,1/27/2019,116.1,128
163,1/27/2019,125.4,129
164,1/27/2019,274.38,130
165,1/27/2019,128.33,131
166,1/27/2019,77.7,132
167,1/27/2019,164.45,37
168,1/27/2019,245.3,7
169,1/27/2019,134.35,44
170,1/28/2019,232.05,133
171,1/28/2019,228.15,134
172,1/28/2019,20.84,135
173,1/28/2019,74.75,136
174,1/28/2019,90.65,137
175,1/28/2019,234.15,138
176,1/28/2019,157.03,139
177,1/28/2019,9.96,140
178,1/28/2019,109.7,141
179,1/28/2019,32.37,142
180,1/28/2019,74.75,143
181,1/28/2019,77.7,144
182,1/28/2019,169.1,145
183,1/28/2019,456.95,146
184,1/28/2019,139.75,147
185,1/28/2019,311.66,41
186,1/29/2019,197.3,148
187,1/29/2019,39.8,149
188,1/29/2019,114.25,150
189,1/29/2019,8.85,151
190,1/29/2019,94.7,152
191,1/29/2019,51.8,153
192,1/29/2019,229.25,154
193,1/29/2019,283.3,155
194,1/29/2019,142.15,156
195,1/29/2019,230.45,44
196,1/29/2019,119.7,13
197,1/29/2019,169.4,94
198,1/29/2019,141.5,57
199,1/29/2019,269.55,71
200,1/30/2019,132.35,157
201,1/30/2019,97.62,158
202,1/30/2019,169.3,159
203,1/30/2019,74.75,160
204,1/30/2019,14.94,161
205,1/30/2019,97.6,162
206,1/30/2019,139.55,163
207,1/30/2019,102.24,164
208,1/30/2019,14.75,165
209,1/30/2019,51.8,166
210,1/30/2019,147.26,167
211,1/30/2019,184.45,168
212,1/30/2019,127.06,169
213,1/30/2019,165.55,170
214,1/30/2019,2.95,171
215,1/30/2019,174.45,172
216,1/30/2019,22.41,173
217,1/30/2019,20.65,174
218,1/30/2019,266.15,175
219,1/30/2019,365.05,176
220,1/30/2019,139.65,177
221,1/30/2019,154.5,178
222,1/30/2019,219.35,179
223,1/30/2019,64.78,180
224,1/30/2019,270.05,181
225,1/30/2019,185.1,182
226,1/30/2019,149.75,183
227,1/30/2019,2.95,184
228,1/30/2019,12.95,176
229,1/30/2019,67.24,140
230,1/30/2019,60,118
231,1/30/2019,214.55,121
232,1/31/2019,311.2,185
233,1/31/2019,189.5,186
234,1/31/2019,225.15,187
235,1/31/2019,274.55,188
236,1/31/2019,212.55,189
237,1/31/2019,25.9,190
238,1/31/2019,107.4,191
239,1/31/2019,14.95,192
240,1/31/2019,8.85,193
241,1/31/2019,78.75,194
242,1/31/2019,197.55,195
243,1/31/2019,56.25,196
244,1/31/2019,383.95,197
245,1/31/2019,24.71,198
246,1/31/2019,329.1,199
247,1/31/2019,29.5,195
248,2/1/2019,149.7,200
249,2/1/2019,159.6,201
250,2/1/2019,391.95,202
251,2/1/2019,59.9,203
252,2/1/2019,251.55,204
253,2/1/2019,287.25,205
254,2/1/2019,171.95,206
255,2/1/2019,269.3,207
256,2/1/2019,191.91,208
257,2/1/2019,13.37,209
258,2/1/2019,151.55,210
259,2/1/2019,19.95,211
260,2/1/2019,60.78,212
261,2/1/2019,38.85,213
262,2/1/2019,147.15,214
263,2/1/2019,323,215
264,2/1/2019,125.54,216
265,2/1/2019,511.05,217
266,2/1/2019,64.75,41
267,2/1/2019,79.19,71
268,2/1/2019,331.35,13
269,2/1/2019,82.45,121
270,2/1/2019,20.65,8
271,2/1/2019,38.35,37
272,2/2/2019,166.99,218
273,2/2/2019,44.86,219
274,2/2/2019,12.95,220
275,2/2/2019,149.35,221
276,2/2/2019,26.55,222
277,2/2/2019,359.4,223
278,2/2/2019,107.6,224
279,2/2/2019,43.98,225
280,2/2/2019,176.15,226
281,2/2/2019,183.5,227
282,2/2/2019,89.7,228
283,2/2/2019,51.8,229
284,2/2/2019,143.5,230
285,2/2/2019,505.2,231
286,2/2/2019,137.4,71
287,2/2/2019,14.75,140
288,2/2/2019,23.14,37
289,2/2/2019,20.19,37
290,2/3/2019,544.15,232
291,2/3/2019,477.45,233
292,2/3/2019,9.96,234
293,2/3/2019,131.5,235
294,2/3/2019,162.83,236
295,2/3/2019,94.67,237
296,2/3/2019,299.35,238
297,2/3/2019,153.95,239
298,2/3/2019,279.5,240
299,2/3/2019,309.15,241
300,2/3/2019,23.6,242
301,2/3/2019,37.16,243
302,2/3/2019,83.7,244
303,2/3/2019,39.9,245
304,2/3/2019,12.95,246
305,2/3/2019,65.34,247
306,2/3/2019,29.9,248
307,2/3/2019,218.06,249
308,2/3/2019,336.15,250
309,2/3/2019,284.15,251
310,2/3/2019,79.6,252
311,2/3/2019,29.9,253
312,2/3/2019,59.8,254
313,2/3/2019,271.1,255
314,2/3/2019,134.55,256
315,2/3/2019,108.84,257
316,2/3/2019,15.4,258
317,2/3/2019,124.92,259
318,2/3/2019,38.85,260
319,2/3/2019,170.4,261
320,2/3/2019,236.55,262
321,2/3/2019,80.5,13
322,2/3/2019,96.65,89
323,2/3/2019,289.15,74
324,2/3/2019,274.35,57
325,2/3/2019,113.3,71
326,2/3/2019,355.55,247
327,2/4/2019,69.79,263
328,2/4/2019,251.55,264
329,2/4/2019,106.55,265
330,2/4/2019,12.95,266
331,2/4/2019,119.8,267
332,2/4/2019,259.25,41
333,2/4/2019,62.28,248
334,2/4/2019,195.3,199
335,2/5/2019,142.45,268
336,2/5/2019,170.41,269
337,2/5/2019,165.2,270
338,2/5/2019,357.21,271
339,2/5/2019,423.85,272
340,2/5/2019,379.25,273
341,2/5/2019,109.75,274
342,2/5/2019,207.2,275
343,2/5/2019,54.25,276
344,2/5/2019,149.85,10
345,2/6/2019,134.25,277
346,2/6/2019,340.25,278
347,2/6/2019,24.25,279
348,2/6/2019,59.85,280
349,2/6/2019,284.25,281
350,2/6/2019,236.93,282
351,2/6/2019,74.75,283
352,2/6/2019,74.75,284
353,2/6/2019,39.9,285
354,2/6/2019,12.95,286
355,2/6/2019,179.55,287
356,2/6/2019,71.72,288
357,2/6/2019,145.2,289
358,2/6/2019,139.6,290
359,2/6/2019,14.94,291
360,2/6/2019,402.55,292
361,2/6/2019,134.55,293
362,2/6/2019,19.92,294
363,2/6/2019,87.66,295
364,2/6/2019,569.1,296
365,2/6/2019,7.47,297
366,2/6/2019,127.06,298
367,2/6/2019,280.31,299
368,2/6/2019,67.65,300
369,2/6/2019,77.7,301
370,2/6/2019,116.55,302
371,2/6/2019,249.35,303
372,2/6/2019,104.49,304
373,2/6/2019,74.8,305
374,2/6/2019,90.65,306
375,2/6/2019,14.95,248
376,2/6/2019,19.92,7
377,2/6/2019,17.43,84
378,2/6/2019,113.5,41
379,2/7/2019,194.35,307
380,2/7/2019,135.2,308
381,2/7/2019,249.5,309
382,2/7/2019,284.4,310
383,2/7/2019,241.3,311
384,2/7/2019,17.43,312
385,2/7/2019,173.4,10
386,2/7/2019,25.86,269
387,2/7/2019,64.75,123
388,2/7/2019,469.15,8
389,2/7/2019,202.3,57
390,2/7/2019,237.45,118
391,2/7/2019,281,204
392,2/8/2019,107.14,313
393,2/8/2019,89.7,314
394,2/8/2019,69.65,315
395,2/8/2019,102.24,316
396,2/8/2019,162.45,317
397,2/8/2019,344.15,318
398,2/8/2019,224.55,319
399,2/8/2019,29.9,320
400,2/8/2019,319.55,321
401,2/8/2019,467.2,322
402,2/8/2019,170.4,323
403,2/8/2019,222.6,324
404,2/8/2019,429.15,325
405,2/8/2019,124.58,36
406,2/8/2019,209.3,269
407,2/8/2019,147,36
408,2/8/2019,134.45,188
409,2/8/2019,265.8,183
410,2/8/2019,349.65,53
411,2/8/2019,14.94,229
412,2/9/2019,44.85,326
413,2/9/2019,392.05,327
414,2/9/2019,85.75,328
415,2/9/2019,40.65,329
416,2/9/2019,132.6,330
417,2/9/2019,29.9,331
418,2/9/2019,59.8,332
419,2/9/2019,399.5,333
420,2/9/2019,103.6,334
421,2/9/2019,149.1,335
422,2/9/2019,38.7,36
423,2/9/2019,273.5,252
424,2/9/2019,9.96,279
425,2/9/2019,333.85,36
426,2/9/2019,157.2,290
427,2/9/2019,559.35,131
428,2/10/2019,199.8,336
429,2/10/2019,504.43,337
430,2/10/2019,318.15,338
431,2/10/2019,231.35,339
432,2/10/2019,474.45,340
433,2/10/2019,225.2,341
434,2/10/2019,27.45,342
435,2/10/2019,12.95,343
436,2/10/2019,259.35,344
437,2/10/2019,178.5,345
438,2/10/2019,119.7,346
439,2/10/2019,361.95,347
440,2/10/2019,12.45,348
441,2/10/2019,136.5,349
442,2/10/2019,242.09,350
443,2/10/2019,310.25,351
444,2/10/2019,291.39,352
445,2/10/2019,26.55,353
446,2/10/2019,232.45,354
447,2/10/2019,319.65,355
448,2/10/2019,51.6,356
449,2/10/2019,41.3,357
450,2/10/2019,22.87,358
451,2/10/2019,29.9,199
452,2/10/2019,413.05,323
453,2/10/2019,340.3,131
454,2/10/2019,82.29,214
455,2/10/2019,162.87,41
456,2/10/2019,364.2,73
457,2/10/2019,99.8,245
458,2/10/2019,52.85,62
459,2/11/2019,32.64,359
460,2/11/2019,405.9,360
461,2/11/2019,326.8,361
462,2/11/2019,59.7,362
463,2/11/2019,89.85,363
464,2/11/2019,199.6,364
465,2/11/2019,89.67,365
466,2/11/2019,194.5,366
467,2/11/2019,163.45,367
468,2/11/2019,29.88,368
469,2/11/2019,223.3,369
470,2/11/2019,103.6,370
471,2/11/2019,199.65,371
472,2/11/2019,149.75,372
473,2/11/2019,96.8,373
474,2/11/2019,18.39,65
475,2/11/2019,349.65,89
476,2/11/2019,119.6,199
477,2/11/2019,214.6,245
478,2/12/2019,59.8,374
479,2/12/2019,211.2,375
480,2/12/2019,12.91,376
481,2/12/2019,124.25,377
482,2/12/2019,186.35,378
483,2/12/2019,69.65,379
484,2/12/2019,130.65,380
485,2/12/2019,51.8,381
486,2/12/2019,64.75,382
487,2/12/2019,274.25,383
488,2/12/2019,44.85,384
489,2/12/2019,201.5,385
490,2/12/2019,97.16,386
491,2/12/2019,132.65,387
492,2/12/2019,74.75,388
493,2/12/2019,192.2,309
494,2/12/2019,234.3,104
495,2/12/2019,367.35,17
496,2/13/2019,360.3,389
497,2/13/2019,130.15,390
498,2/13/2019,5.9,391
499,2/13/2019,14.94,392
500,2/13/2019,20.65,393
501,2/13/2019,312.65,394
502,2/13/2019,72.45,395
503,2/13/2019,17.7,396
504,2/13/2019,51.8,397
505,2/13/2019,379.1,398
506,2/13/2019,79.8,399
507,2/13/2019,31.8,183
508,2/14/2019,38.85,400
509,2/14/2019,90.65,401
510,2/14/2019,89.7,402
511,2/14/2019,194.63,403
512,2/14/2019,51.8,404
513,2/14/2019,24.95,405
514,2/14/2019,113.4,406
515,2/14/2019,245.2,407
516,2/14/2019,639.1,408
517,2/14/2019,5.9,409
518,2/14/2019,134.55,410
519,2/14/2019,69.65,287
520,2/14/2019,29.95,121
521,2/14/2019,289.5,62
522,2/14/2019,8.85,71
523,2/14/2019,235.2,129
524,2/14/2019,134.55,388
525,2/14/2019,178.97,195
526,2/15/2019,64.75,411
527,2/15/2019,165,412
528,2/15/2019,142.45,413
529,2/15/2019,399.2,414
530,2/15/2019,249.7,415
531,2/15/2019,91.7,416
532,2/15/2019,99.9,417
533,2/15/2019,93.25,418
534,2/15/2019,17.7,419
535,2/15/2019,613.9,420
536,2/15/2019,111.8,421
537,2/15/2019,132.58,422
538,2/15/2019,137.5,423
539,2/15/2019,249.3,424
540,2/15/2019,202.01,425
541,2/15/2019,453.9,426
542,2/15/2019,148.6,427
543,2/15/2019,157.3,428
544,2/15/2019,159.6,429
545,2/15/2019,119.7,430
546,2/15/2019,349.65,431
547,2/15/2019,294.25,432
548,2/15/2019,160.4,433
549,2/15/2019,217.85,434
550,2/15/2019,129.5,435
551,2/15/2019,122.55,436
552,2/15/2019,263.25,437
553,2/15/2019,48.4,438
554,2/15/2019,79.8,439
555,2/15/2019,185.4,440
556,2/15/2019,149.5,441
557,2/15/2019,119.8,199
558,2/15/2019,23.8,315
559,2/15/2019,19.98,414
560,2/15/2019,2.49,241
561,2/15/2019,174.65,121
562,2/15/2019,292.1,252
563,2/15/2019,11.8,53
564,2/15/2019,223.6,123
565,2/16/2019,304.3,442
566,2/16/2019,149.85,443
567,2/16/2019,19.92,444
568,2/16/2019,145.6,445
569,2/16/2019,239.4,446
570,2/16/2019,269.55,447
571,2/16/2019,309.55,448
572,2/16/2019,50.15,449
573,2/16/2019,211.7,450
574,2/16/2019,64.75,451
575,2/16/2019,244.45,452
576,2/16/2019,119.7,453
577,2/16/2019,547.9,454
578,2/16/2019,164.5,455
579,2/16/2019,99.81,456
580,2/16/2019,29.04,457
581,2/16/2019,181.3,458
582,2/16/2019,37.62,459
583,2/16/2019,355.15,460
584,2/16/2019,22.9,461
585,2/16/2019,14.75,462
586,2/16/2019,179.55,463
587,2/16/2019,67.5,183
588,2/16/2019,230.3,190
589,2/16/2019,306.1,74
590,2/16/2019,214.45,104
591,2/17/2019,32.42,464
592,2/17/2019,74.75,465
593,2/17/2019,78.4,466
594,2/17/2019,549.05,467
595,2/17/2019,104.65,468
596,2/17/2019,69.85,469
597,2/17/2019,97.26,470
598,2/17/2019,103.6,471
599,2/17/2019,249.75,472
600,2/17/2019,51.8,473
601,2/17/2019,226.17,474
602,2/17/2019,355.55,475
603,2/17/2019,204.55,476
604,2/17/2019,103.6,477
605,2/17/2019,249.3,478
606,2/17/2019,25.9,479
607,2/17/2019,39.8,480
608,2/17/2019,127.5,481
609,2/17/2019,197.25,482
610,2/17/2019,492.05,483
611,2/17/2019,189.96,484
612,2/17/2019,214.35,485
613,2/17/2019,12.45,486
614,2/17/2019,79.6,487
615,2/17/2019,111.6,309
616,2/17/2019,198.4,334
617,2/17/2019,58.8,323
618,2/17/2019,195.65,269
619,2/17/2019,269.55,368
620,2/17/2019,269.55,140
621,2/17/2019,159.6,13
622,2/17/2019,236.93,94
623,2/18/2019,12.95,488
624,2/18/2019,192.08,489
625,2/18/2019,53.6,490
626,2/18/2019,73.7,491
627,2/18/2019,149.4,492
628,2/18/2019,45,493
629,2/18/2019,170.6,494
630,2/18/2019,119.7,495
631,2/18/2019,183.3,496
632,2/18/2019,29.9,497
633,2/18/2019,19.95,498
634,2/18/2019,471.96,499
635,2/18/2019,93,500
636,2/18/2019,326.85,501
637,2/18/2019,139.65,502
638,2/18/2019,167.7,503
639,2/18/2019,327.45,504
640,2/18/2019,86.5,505
641,2/18/2019,114.75,506
642,2/18/2019,227,507
643,2/18/2019,66.74,508
644,2/18/2019,55.9,509
645,2/18/2019,14.75,510
646,2/18/2019,197.25,511
647,2/18/2019,128.55,512
648,2/18/2019,315.35,513
649,2/18/2019,130.65,514
650,2/18/2019,136.45,515
651,2/18/2019,324.95,516
652,2/18/2019,259.95,517
653,2/18/2019,358.15,518
654,2/18/2019,479.5,519
655,2/18/2019,69.73,520
656,2/18/2019,67.37,521
657,2/18/2019,299.7,522
658,2/18/2019,476.1,523
659,2/18/2019,183.32,524
660,2/18/2019,176.4,508
661,2/18/2019,125.6,400
662,2/18/2019,189.35,287
663,2/18/2019,14.94,118
664,2/18/2019,207.2,53
665,2/19/2019,17.7,525
666,2/19/2019,89.7,526
667,2/19/2019,112.26,527
668,2/19/2019,67.75,528
669,2/19/2019,239.6,529
670,2/19/2019,179.39,530
671,2/19/2019,187.63,531
672,2/19/2019,165.5,532
673,2/19/2019,189.7,533
674,2/19/2019,133.31,534
675,2/19/2019,146.35,535
676,2/19/2019,299.5,33
677,2/19/2019,250.2,36
678,2/20/2019,79.8,536
679,2/20/2019,27.89,537
680,2/20/2019,195.65,538
681,2/20/2019,233.1,539
682,2/20/2019,203.4,540
683,2/20/2019,169.62,541
684,2/20/2019,59.6,542
685,2/20/2019,357.2,543
686,2/20/2019,344.18,544
687,2/20/2019,299.7,545
688,2/20/2019,30.65,546
689,2/20/2019,29.95,547
690,2/20/2019,149.7,548
691,2/20/2019,187.5,549
692,2/20/2019,123.35,550
693,2/20/2019,259.52,551
694,2/20/2019,352.09,552
695,2/20/2019,129.65,553
696,2/20/2019,139.7,554
697,2/20/2019,5.9,555
698,2/20/2019,102.15,556
699,2/20/2019,230.15,557
700,2/20/2019,12.95,558
701,2/20/2019,269.35,559
702,2/20/2019,12.95,560
703,2/20/2019,11.8,561
704,2/20/2019,360.96,562
705,2/20/2019,297.35,563
706,2/20/2019,25.9,564
707,2/20/2019,394.2,565
708,2/20/2019,74.75,204
709,2/20/2019,80.65,183
710,2/21/2019,297.2,566
711,2/21/2019,260.4,567
712,2/21/2019,708.9,568
713,2/21/2019,259.28,569
714,2/21/2019,2.49,570
715,2/21/2019,25.9,571
716,2/21/2019,461.35,572
717,2/21/2019,101.3,573
718,2/21/2019,157.5,574
719,2/21/2019,382.05,575
720,2/21/2019,50.55,576
721,2/21/2019,162.55,577
722,2/21/2019,72.22,578
723,2/21/2019,389.85,579
724,2/21/2019,492.1,580
725,2/21/2019,229.54,581
726,2/21/2019,514.3,582
727,2/21/2019,219.42,583
728,2/21/2019,449.55,584
729,2/21/2019,11.8,585
730,2/21/2019,113.7,586
731,2/21/2019,206.55,587
732,2/21/2019,59.91,588
733,2/21/2019,184.45,589
734,2/21/2019,89.7,590
735,2/21/2019,172.9,591
736,2/21/2019,224.15,592
737,2/21/2019,569.1,593
738,2/21/2019,14.75,594
739,2/21/2019,19.95,595
740,2/21/2019,179.55,596
741,2/21/2019,2.95,597
742,2/21/2019,81.65,598
743,2/21/2019,150.35,599
744,2/21/2019,204.15,600
745,2/21/2019,9.96,601
746,2/21/2019,79.6,602
747,2/21/2019,455.75,603
748,2/21/2019,594.18,17
749,2/21/2019,54.84,129
750,2/21/2019,74.75,17
751,2/21/2019,62.4,214
752,2/22/2019,373.15,604
753,2/22/2019,22.41,605
754,2/22/2019,116.55,606
755,2/22/2019,24.95,607
756,2/22/2019,146.45,608
757,2/22/2019,90.65,609
758,2/22/2019,199.6,610
759,2/22/2019,147.12,611
760,2/22/2019,139.65,612
761,2/22/2019,17.43,613
762,2/22/2019,399.4,614
763,2/22/2019,208.25,615
764,2/22/2019,19.9,616
765,2/22/2019,139.65,617
766,2/22/2019,87.6,618
767,2/22/2019,90.65,619
768,2/22/2019,699.3,8
769,2/22/2019,169.55,368
770,2/22/2019,14.94,97
771,2/23/2019,216.3,620
772,2/23/2019,384,621
773,2/23/2019,116.55,622
774,2/23/2019,305.15,623
775,2/23/2019,344.05,624
776,2/23/2019,57.37,625
777,2/23/2019,74.75,626
778,2/23/2019,29.89,627
779,2/23/2019,199.8,628
780,2/23/2019,125.7,629
781,2/23/2019,94.55,630
782,2/23/2019,139.43,586
783,2/23/2019,514.1,62
784,2/23/2019,548.95,24
785,2/23/2019,360.2,89
786,2/23/2019,19.92,579
787,2/23/2019,183.35,37
788,2/24/2019,23.6,631
789,2/24/2019,90.65,632
790,2/24/2019,52.54,633
791,2/24/2019,249.75,634
792,2/24/2019,85.7,635
793,2/24/2019,65.4,636
794,2/24/2019,313.3,637
795,2/24/2019,144.7,638
796,2/24/2019,29.85,639
797,2/24/2019,116.13,640
798,2/24/2019,162.8,641
799,2/24/2019,118.04,642
800,2/24/2019,77.7,643
801,2/24/2019,140.5,644
802,2/24/2019,63.5,645
803,2/24/2019,69.65,314
804,2/25/2019,36.55,646
805,2/25/2019,551.25,647
806,2/25/2019,59.8,648
807,2/25/2019,299.5,649
808,2/25/2019,79.8,650
809,2/25/2019,84.78,651
810,2/25/2019,60.45,652
811,2/25/2019,202.28,653
812,2/25/2019,25.9,654
813,2/25/2019,184.45,655
814,2/25/2019,72.3,656
815,2/25/2019,128.55,657
816,2/25/2019,22.41,658
817,2/25/2019,112.15,659
818,2/25/2019,122.35,660
819,2/25/2019,92.25,661
820,2/25/2019,265.66,65
821,2/26/2019,99.75,662
822,2/26/2019,75.17,663
823,2/26/2019,55.75,664
824,2/26/2019,129.5,665
825,2/26/2019,469.3,666
826,2/26/2019,249.5,667
827,2/26/2019,164.6,668
828,2/26/2019,29.9,669
829,2/26/2019,51.8,670
830,2/26/2019,247.45,671
831,2/26/2019,134.55,672
832,2/26/2019,267.21,673
833,2/26/2019,579.05,674
834,2/26/2019,209.65,675
835,2/26/2019,49.9,676
836,2/26/2019,145.35,677
837,2/26/2019,180.5,678
838,2/26/2019,79.8,679
839,2/26/2019,119.7,680
840,2/26/2019,22.41,681
841,2/26/2019,349.45,682
842,2/26/2019,282.81,683
843,2/26/2019,304.45,684
844,2/26/2019,438.95,685
845,2/26/2019,24.89,140
846,2/27/2019,159.6,686
847,2/27/2019,58.8,687
848,2/27/2019,38.85,688
849,2/27/2019,99.75,689
850,2/27/2019,38.85,690
851,2/27/2019,139.75,691
852,2/27/2019,212.58,692
853,2/27/2019,662.95,693
854,2/27/2019,39.9,694
855,2/27/2019,124.75,695
856,2/27/2019,486.8,696
857,2/27/2019,116.55,697
858,2/27/2019,216.3,698
859,2/27/2019,151.3,699
860,2/27/2019,449.55,334
861,2/27/2019,406.05,188
862,2/27/2019,182.25,379
863,2/27/2019,358.25,399
864,2/27/2019,194.35,214
865,2/27/2019,274.35,600
866,2/27/2019,12.95,74
867,2/27/2019,51.8,368
868,2/28/2019,107.25,700
869,2/28/2019,559.05,701
870,2/28/2019,637.3,702
871,2/28/2019,109.75,703
872,2/28/2019,444,704
873,2/28/2019,76.55,705
874,2/28/2019,325.25,706
875,2/28/2019,185.5,707
876,2/28/2019,542.4,708
877,2/28/2019,275.45,709
878,2/28/2019,562.95,710
879,2/28/2019,179.5,711
880,2/28/2019,74.75,712
881,2/28/2019,14.95,713
882,2/28/2019,143.7,714
883,2/28/2019,358,715
884,2/28/2019,27.7,716
885,2/28/2019,349.75,717
886,2/28/2019,223.6,718
887,2/28/2019,17.7,719
888,2/28/2019,2.49,720
889,2/28/2019,119.6,721
890,2/28/2019,90.65,368
891,2/28/2019,237.15,228
892,2/28/2019,206.4,614
893,2/28/2019,599.5,379
894,2/28/2019,213.5,147
895,2/28/2019,379.15,74
896,2/28/2019,177.45,542
897,2/28/2019,12.95,36
898,2/28/2019,223.3,154
899,3/1/2019,64.75,722
900,3/1/2019,155.4,723
901,3/1/2019,319.2,724
902,3/1/2019,77.7,725
903,3/1/2019,299.35,726
904,3/1/2019,319.2,727
905,3/1/2019,99.75,728
906,3/1/2019,355.55,729
907,3/1/2019,371.3,730
908,3/1/2019,99.75,731
909,3/1/2019,104.55,732
910,3/1/2019,164.45,733
911,3/1/2019,179.55,734
912,3/1/2019,459.4,735
913,3/1/2019,44.55,736
914,3/1/2019,274,737
915,3/1/2019,72.8,738
916,3/1/2019,271.5,739
917,3/1/2019,155.4,740
918,3/1/2019,100,741
919,3/1/2019,89.55,742
920,3/1/2019,103.6,743
921,3/1/2019,12.95,744
922,3/1/2019,59.85,745
923,3/1/2019,131.8,746
924,3/1/2019,139.65,747
925,3/1/2019,380.3,748
926,3/1/2019,17.7,749
927,3/1/2019,62.55,750
928,3/1/2019,244.3,751
929,3/1/2019,189.35,752
930,3/1/2019,668.95,753
931,3/1/2019,548.85,754
932,3/1/2019,51.8,755
933,3/1/2019,246.05,756
934,3/1/2019,19.8,757
935,3/1/2019,116.55,758
936,3/1/2019,169.55,759
937,3/1/2019,232.4,760
938,3/1/2019,232.2,102
939,3/1/2019,405.4,753
940,3/1/2019,27.95,33
941,3/2/2019,364,761
942,3/2/2019,317.4,762
943,3/2/2019,104.65,763
944,3/2/2019,188.5,764
945,3/2/2019,240.4,765
946,3/2/2019,239.4,766
947,3/2/2019,239.5,767
948,3/2/2019,81.8,768
949,3/2/2019,49.95,769
950,3/2/2019,39.9,770
951,3/2/2019,224.6,771
952,3/2/2019,154.85,772
953,3/2/2019,354.1,773
954,3/2/2019,569.25,774
955,3/2/2019,139.65,775
956,3/2/2019,350.05,776
957,3/2/2019,11.8,777
958,3/2/2019,214.5,778
959,3/2/2019,499.1,779
960,3/2/2019,59.85,780
961,3/2/2019,5.9,781
962,3/2/2019,111.8,782
963,3/2/2019,179.55,783
964,3/2/2019,323.45,784
965,3/2/2019,179.55,785
966,3/2/2019,271.95,786
967,3/2/2019,173.5,787
968,3/2/2019,290.15,788
969,3/2/2019,24.95,789
970,3/2/2019,300.3,249
971,3/2/2019,29.9,508
972,3/2/2019,139.65,575
973,3/2/2019,659.5,123
974,3/2/2019,119.7,123
975,3/2/2019,155.4,399
976,3/2/2019,188.5,388
977,3/3/2019,94.65,790
978,3/3/2019,139.7,791
979,3/3/2019,569.25,792
980,3/3/2019,64.75,793
981,3/3/2019,529.35,794
982,3/3/2019,196.4,795
983,3/3/2019,51.8,796
984,3/3/2019,116.55,797
985,3/3/2019,204.4,798
986,3/3/2019,38.85,799
987,3/3/2019,44.85,800
988,3/3/2019,174.35,801
989,3/3/2019,359.6,802
990,3/3/2019,184.65,803
991,3/3/2019,90.65,804
992,3/3/2019,122.7,805
993,3/3/2019,240.4,806
994,3/3/2019,69.7,807
995,3/3/2019,34.75,808
996,3/3/2019,192.45,809
997,3/3/2019,169.15,810
998,3/3/2019,221.55,811
999,3/3/2019,383.95,812
1000,3/3/2019,199.5,813
1001,3/3/2019,209.65,814
1002,3/3/2019,559.3,815
1003,3/3/2019,120.55,816
1004,3/3/2019,8.85,817
1005,3/3/2019,103.6,818
1006,3/3/2019,116.55,819
1007,3/3/2019,693.85,820
1008,3/3/2019,64.8,821
1009,3/3/2019,197.4,822
1010,3/3/2019,326.15,823
1011,3/3/2019,135.65,824
1012,3/3/2019,89.85,825
1013,3/3/2019,1464.3,826
1014,3/3/2019,64.75,827
1015,3/3/2019,154.6,828
1016,3/3/2019,39.9,829
1017,3/3/2019,53.7,830
1018,3/3/2019,161.55,831
1019,3/3/2019,140.35,832
1020,3/3/2019,103.6,833
1021,3/3/2019,53.7,834
1022,3/3/2019,179.45,835
1023,3/3/2019,139.65,836
1024,3/3/2019,51.8,837
1025,3/3/2019,199.3,838
1026,3/3/2019,259.5,118
1027,3/3/2019,116.55,183
1028,3/4/2019,12.95,839
1029,3/4/2019,287.35,840
1030,3/4/2019,192.35,841
1031,3/4/2019,199.6,842
1032,3/4/2019,12.95,843
1033,3/4/2019,119.6,844
1034,3/4/2019,145.5,845
1035,3/4/2019,211.3,846
1036,3/4/2019,25.9,847
1037,3/4/2019,579.55,848
1038,3/4/2019,179.55,849
1039,3/4/2019,701.15,850
1040,3/4/2019,181.45,851
1041,3/4/2019,469.45,852
1042,3/4/2019,58.8,853
1043,3/4/2019,662.45,854
1044,3/4/2019,11.8,855
1045,3/4/2019,259.4,856
1046,3/4/2019,2.49,857
1047,3/4/2019,179.55,858
1048,3/4/2019,75.4,859
1049,3/4/2019,162.45,860
1050,3/4/2019,396.9,861
1051,3/4/2019,355.15,862
1052,3/4/2019,223.2,863
1053,3/4/2019,164.75,864
1054,3/4/2019,139.6,865
1055,3/4/2019,218.25,866
1056,3/4/2019,414.25,867
1057,3/4/2019,209.6,868
1058,3/4/2019,287.35,869
1059,3/4/2019,171.1,870
1060,3/4/2019,119.7,871
1061,3/4/2019,139.65,872
1062,3/4/2019,329.4,873
1063,3/4/2019,103.6,874
1064,3/4/2019,218.15,875
1065,3/4/2019,174.55,876
1066,3/4/2019,249.2,877
1067,3/4/2019,403.15,878
1068,3/4/2019,210.35,879
1069,3/4/2019,189.55,880
1070,3/4/2019,337.75,881
1071,3/4/2019,99.75,882
1072,3/4/2019,254.35,883
1073,3/4/2019,250.25,884
1074,3/4/2019,149.45,885
1075,3/4/2019,77.7,886
1076,3/4/2019,262.7,199
1077,3/4/2019,322.95,784
1078,3/4/2019,64.75,204
1079,3/4/2019,264.25,454
1080,3/5/2019,192.2,887
1081,3/5/2019,129.5,888
1082,3/5/2019,274.1,889
1083,3/5/2019,223.6,890
1084,3/5/2019,313.15,891
1085,3/5/2019,169.35,892
1086,3/5/2019,112.7,893
1087,3/5/2019,251.1,894
1088,3/5/2019,221.2,895
1089,3/5/2019,210.35,896
1090,3/5/2019,449.55,897
1091,3/5/2019,148.5,898
1092,3/5/2019,14.75,899
1093,3/5/2019,244.3,900
1094,3/5/2019,134.55,861
1095,3/5/2019,116.55,73
1096,3/5/2019,159.6,763
1097,3/5/2019,231.5,44
1098,3/6/2019,541.2,901
1099,3/6/2019,128.55,902
1100,3/6/2019,105.65,903
1101,3/6/2019,93.81,904
1102,3/6/2019,12.95,905
1103,3/6/2019,79.8,906
1104,3/6/2019,175.6,907
1105,3/6/2019,189.5,908
1106,3/6/2019,349.65,909
1107,3/6/2019,434.3,910
1108,3/6/2019,49.75,911
1109,3/6/2019,39.9,912
1110,3/6/2019,250,913
1111,3/6/2019,49.9,914
1112,3/6/2019,152.55,915
1113,3/6/2019,122.17,916
1114,3/6/2019,129.5,917
1115,3/6/2019,219.45,918
1116,3/6/2019,181.3,919
1117,3/6/2019,79.8,920
1118,3/6/2019,320.4,921
1119,3/6/2019,119.8,922
1120,3/6/2019,523,923
1121,3/6/2019,337.2,924
1122,3/6/2019,414.4,241
1123,3/6/2019,89.7,279
1124,3/7/2019,125.55,925
1125,3/7/2019,207.2,926
1126,3/7/2019,200.4,927
1127,3/7/2019,217.35,928
1128,3/7/2019,339.45,929
1129,3/7/2019,225.55,930
1130,3/7/2019,19.95,931
1131,3/7/2019,451.3,932
1132,3/7/2019,119.7,933
1133,3/7/2019,276.15,934
1134,3/7/2019,77.7,935
1135,3/7/2019,79.6,936
1136,3/7/2019,149.35,937
1137,3/7/2019,156.45,938
1138,3/7/2019,109.55,939
1139,3/7/2019,209.65,940
1140,3/7/2019,147.65,941
1141,3/7/2019,59.85,942
1142,3/7/2019,89.55,943
1143,3/7/2019,343.3,944
1144,3/7/2019,89.7,945
1145,3/7/2019,59.9,946
1146,3/7/2019,205.45,947
1147,3/7/2019,113.5,948
1148,3/7/2019,259.3,949
1149,3/7/2019,236.25,950
1150,3/7/2019,195.3,951
1151,3/7/2019,17.7,952
1152,3/7/2019,139.65,953
1153,3/7/2019,39.9,954
1154,3/7/2019,38.85,955
1155,3/7/2019,167.7,956
1156,3/7/2019,132.55,957
1157,3/7/2019,137.5,958
1158,3/7/2019,209.65,959
1159,3/7/2019,25.9,960
1160,3/7/2019,245.25,961
1161,3/7/2019,405.1,962
1162,3/7/2019,89.7,963
1163,3/7/2019,151.55,964
1164,3/7/2019,179.55,24
1165,3/7/2019,174.5,89
1166,3/7/2019,159.6,388
1167,3/8/2019,25.9,965
1168,3/8/2019,88.35,966
1169,3/8/2019,20.65,967
1170,3/8/2019,193.35,968
1171,3/8/2019,22.5,969
1172,3/8/2019,344,970
1173,3/8/2019,250,971
1174,3/8/2019,80.45,972
1175,3/8/2019,257.25,973
1176,3/8/2019,84.7,974
1177,3/8/2019,74.75,975
1178,3/8/2019,149.75,976
1179,3/8/2019,184.5,977
1180,3/8/2019,5.9,978
1181,3/8/2019,279.7,979
1182,3/8/2019,479.4,980
1183,3/8/2019,251.1,981
1184,3/8/2019,49.9,982
1185,3/8/2019,197.7,983
1186,3/8/2019,161.55,984
1187,3/8/2019,59.85,985
1188,3/8/2019,204.45,986
1189,3/8/2019,23.6,987
1190,3/8/2019,195.3,988
1191,3/8/2019,25.9,989
1192,3/8/2019,256.9,990
1193,3/8/2019,174.65,991
1194,3/8/2019,429,992
1195,3/8/2019,197.5,993
1196,3/8/2019,143.5,994
1197,3/8/2019,179.7,995
1198,3/8/2019,59.9,996
1199,3/8/2019,125.65,997
1200,3/8/2019,419.4,998
1201,3/8/2019,499,999
1202,3/8/2019,224.25,1000
1203,3/8/2019,204.45,1001
1204,3/8/2019,460,1002
1205,3/8/2019,349.65,1003
1206,3/8/2019,201.5,1004
1207,3/8/2019,260.34,1005
1208,3/8/2019,51.8,1006
1209,3/8/2019,25.85,1007
1210,3/8/2019,139.3,1008
1211,3/8/2019,89.85,1009
1212,3/8/2019,194.55,13
1213,3/8/2019,158.25,17
1214,3/8/2019,147.5,199
1215,3/8/2019,84.65,229
1216,3/8/2019,124.75,252
1217,3/8/2019,347.55,794
1218,3/8/2019,319.2,73
1219,3/8/2019,24.95,399
1220,3/9/2019,134.55,1010
1221,3/9/2019,254.25,1011
1222,3/9/2019,196.35,1012
1223,3/9/2019,135.6,1013
1224,3/9/2019,74.75,1014
1225,3/9/2019,25.9,1015
1226,3/9/2019,20.65,1016
1227,3/9/2019,257.3,1017
1228,3/9/2019,11.8,1018
1229,3/9/2019,224.35,1019
1230,3/9/2019,14.75,1020
1231,3/9/2019,259.35,1021
1232,3/9/2019,149.85,1022
1233,3/9/2019,14.95,1023
1234,3/9/2019,244.45,1024
1235,3/9/2019,69.65,1025
1236,3/9/2019,42.9,1026
1237,3/9/2019,179.55,1027
1238,3/9/2019,92.45,1028
1239,3/9/2019,38.85,1029
1240,3/9/2019,330.25,1030
1241,3/9/2019,222.2,1031
1242,3/9/2019,319.5,1032
1243,3/9/2019,674.15,1033
1244,3/9/2019,24.95,1030
1245,3/9/2019,304.35,454
1246,3/9/2019,99.75,147
1247,3/9/2019,151.65,94
1248,3/9/2019,26.55,287
1249,3/9/2019,183.4,340
1250,3/9/2019,178.35,776
1251,3/9/2019,104.65,896
1252,3/9/2019,277.4,248
1253,3/9/2019,204.55,204
1254,3/10/2019,249.75,1034
1255,3/10/2019,109.75,1035
1256,3/10/2019,51.8,1036
1257,3/10/2019,66.65,1037
1258,3/10/2019,122.65,1038
1259,3/10/2019,239.6,1039
1260,3/10/2019,139.65,1040
1261,3/10/2019,130.55,1041
1262,3/10/2019,496.2,1042
1263,3/10/2019,25.9,1043
1264,3/10/2019,191.5,1044
1265,3/10/2019,188.4,1045
1266,3/10/2019,39.9,1046
1267,3/10/2019,155.4,1047
1268,3/10/2019,579.8,1048
1269,3/10/2019,314.9,1049
1270,3/10/2019,79.8,1050
1271,3/10/2019,174.65,1051
1272,3/10/2019,184.45,1052
1273,3/10/2019,339.15,1053
1274,3/10/2019,39.9,799
1275,3/10/2019,104.65,798
1276,3/10/2019,58.8,743
1277,3/10/2019,194.6,247
1278,3/10/2019,179.6,73
1279,3/10/2019,25.9,10
1280,3/10/2019,11.8,154
1281,3/11/2019,175.6,1054
1282,3/11/2019,145.5,1055
1283,3/11/2019,292.3,1056
1284,3/11/2019,179.55,1057
1285,3/11/2019,382.4,1058
1286,3/11/2019,259.1,1059
1287,3/11/2019,116.55,1060
1288,3/11/2019,449.55,1061
1289,3/11/2019,39.9,1062
1290,3/11/2019,459.5,1063
1291,3/11/2019,243.5,1064
1292,3/11/2019,367.2,1065
1293,3/11/2019,353.35,1066
1294,3/11/2019,349.35,1067
1295,3/11/2019,323.35,1068
1296,3/11/2019,32.45,1069
1297,3/11/2019,228.5,1070
1298,3/11/2019,83.85,1071
1299,3/11/2019,438.45,1072
1300,3/11/2019,39.9,1073
1301,3/11/2019,59.9,1074
1302,3/11/2019,94.65,1075
1303,3/11/2019,104.65,1076
1304,3/11/2019,629.55,1077
1305,3/11/2019,134.4,1078
1306,3/11/2019,389.25,1079
1307,3/11/2019,479.25,1080
1308,3/11/2019,92.75,1081
1309,3/11/2019,130.55,1082
1310,3/11/2019,242.15,1083
1311,3/11/2019,139.65,1084
1312,3/11/2019,43.9,1085
1313,3/11/2019,391,1086
1314,3/11/2019,90.65,1087
1315,3/11/2019,190.55,1088
1316,3/11/2019,286.55,1089
1317,3/11/2019,25.9,1090
1318,3/11/2019,103.6,1091
1319,3/11/2019,307.1,1092
1320,3/11/2019,139.75,315
1321,3/11/2019,334.35,84
1322,3/11/2019,282.5,84
1323,3/11/2019,57.8,809
1324,3/11/2019,38.85,1030
1325,3/11/2019,161.5,787
1326,3/11/2019,291.45,786
1327,3/12/2019,455.05,1093
1328,3/12/2019,249.5,1094
1329,3/12/2019,77.7,1095
1330,3/12/2019,57.8,1096
1331,3/12/2019,119.6,1097
1332,3/12/2019,29.95,1098
1333,3/12/2019,342.4,1099
1334,3/12/2019,909.25,1100
1335,3/12/2019,466.2,1101
1336,3/12/2019,155.5,1102
1337,3/12/2019,25.9,1103
1338,3/12/2019,182.15,1104
1339,3/12/2019,153.65,1105
1340,3/12/2019,339.05,1106
1341,3/12/2019,74.7,1107
1342,3/12/2019,12.95,1108
1343,3/12/2019,130.55,1099
1344,3/12/2019,236.15,833
1345,3/12/2019,124.55,188
1346,3/12/2019,51.8,600
1347,3/13/2019,251.55,1109
1348,3/13/2019,119.6,1110
1349,3/13/2019,101.75,1111
1350,3/13/2019,137.55,1112
1351,3/13/2019,77.7,1113
1352,3/13/2019,224.35,1114
1353,3/13/2019,179.65,1115
1354,3/13/2019,180.35,1116
1355,3/13/2019,281.25,1117
1356,3/13/2019,203.85,1118
1357,3/13/2019,228.4,1119
1358,3/13/2019,26.55,1120
1359,3/13/2019,79.7,1121
1360,3/13/2019,241.1,1122
1361,3/13/2019,92.65,1123
1362,3/13/2019,74.85,1124
1363,3/13/2019,240.5,1125
1364,3/13/2019,134.73,1126
1365,3/13/2019,312.45,1127
1366,3/13/2019,233.15,1128
1367,3/13/2019,159.6,1129
1368,3/13/2019,289.6,1130
1369,3/13/2019,219.2,1131
1370,3/13/2019,219.35,1132
1371,3/13/2019,549.45,1133
1372,3/13/2019,162.5,1134
1373,3/13/2019,176.55,1135
1374,3/13/2019,319.05,1136
1375,3/13/2019,89.85,1137
1376,3/13/2019,209.65,1138
1377,3/13/2019,204.35,1139
1378,3/13/2019,426.5,1140
1379,3/13/2019,299.7,1141
1380,3/13/2019,119.8,1142
1381,3/13/2019,314.3,1143
1382,3/13/2019,14.85,1144
1383,3/13/2019,119.6,1145
1384,3/13/2019,191.55,1146
1385,3/13/2019,56.78,1147
1386,3/13/2019,19.95,1148
1387,3/13/2019,103.6,1149
1388,3/13/2019,29.9,1150
1389,3/13/2019,378,1151
1390,3/13/2019,49.95,1152
1391,3/13/2019,98.8,1153
1392,3/13/2019,97.5,248
1393,3/13/2019,134.25,335
1394,3/13/2019,108.8,129
1395,3/13/2019,259.65,1082
1396,3/13/2019,419.4,1031
1397,3/13/2019,274.65,931
1398,3/14/2019,372,1154
1399,3/14/2019,29.9,1155
1400,3/14/2019,347.15,1156
1401,3/14/2019,199.5,1157
1402,3/14/2019,284.2,1158
1403,3/14/2019,171.6,1159
1404,3/14/2019,124.75,1160
1405,3/14/2019,82.75,1161
1406,3/14/2019,99.75,1162
1407,3/14/2019,44.7,1163
1408,3/14/2019,356.35,1164
1409,3/14/2019,259.6,1165
1410,3/14/2019,59.8,1166
1411,3/14/2019,134.7,1167
1412,3/14/2019,34.85,1168
1413,3/14/2019,59.85,1169
1414,3/14/2019,219.6,1170
1415,3/14/2019,453.3,1171
1416,3/14/2019,19.95,1172
1417,3/14/2019,579.4,1173
1418,3/14/2019,91.7,1174
1419,3/14/2019,77.7,1175
1420,3/14/2019,277.7,1176
1421,3/14/2019,14.95,1177
1422,3/14/2019,89.7,1178
1423,3/14/2019,239.55,1179
1424,3/14/2019,409.55,1180
1425,3/14/2019,699.4,1181
1426,3/14/2019,43.9,1182
1427,3/14/2019,347.25,1183
1428,3/14/2019,338.35,1184
1429,3/14/2019,210.25,1185
1430,3/14/2019,388.5,1186
1431,3/14/2019,169.45,1187
1432,3/14/2019,362.15,41
1433,3/14/2019,65.85,190
1434,3/14/2019,77.7,1082
1435,3/14/2019,366.05,36
1436,3/14/2019,175.2,1179
1437,3/14/2019,238.15,1025
1438,3/14/2019,249.75,8
1439,3/14/2019,233.25,931
1440,3/15/2019,159.6,1188
1441,3/15/2019,464,1189
1442,3/15/2019,579.15,1190
1443,3/15/2019,179.55,1191
1444,3/15/2019,19.95,1192
1445,3/15/2019,44.85,1193
1446,3/15/2019,99.75,1194
1447,3/15/2019,74.75,1195
1448,3/15/2019,223.6,1196
1449,3/15/2019,205.45,1197
1450,3/15/2019,74.85,1198
1451,3/15/2019,90.65,1199
1452,3/15/2019,199.5,1200
1453,3/15/2019,289.3,1201
1454,3/15/2019,152.6,1202
1455,3/15/2019,189.45,1203
1456,3/15/2019,142.45,1204
1457,3/15/2019,134.55,1205
1458,3/15/2019,149.75,1206
1459,3/15/2019,614.1,1207
1460,3/15/2019,134.7,1208
1461,3/15/2019,74.75,1209
1462,3/15/2019,453.25,1210
1463,3/15/2019,440.4,1211
1464,3/15/2019,104.65,1212
1465,3/15/2019,119.6,1213
1466,3/15/2019,237.2,1214
1467,3/15/2019,264.6,1215
1468,3/15/2019,240.45,1216
1469,3/15/2019,79.8,1217
1470,3/15/2019,257.4,1218
1471,3/15/2019,239.6,1219
1472,3/15/2019,32.9,1220
1473,3/15/2019,44.85,1221
1474,3/15/2019,220.15,1222
1475,3/15/2019,158.6,1223
1476,3/15/2019,244.3,1224
1477,3/15/2019,267.2,1225
1478,3/15/2019,242.35,1226
1479,3/15/2019,116.55,1227
1480,3/15/2019,139.65,1228
1481,3/15/2019,338.55,1229
1482,3/15/2019,175.6,1230
1483,3/15/2019,174.15,1231
1484,3/15/2019,139.9,1232
1485,3/15/2019,237.4,1233
1486,3/15/2019,386.25,575
1487,3/15/2019,179.6,760
1488,3/15/2019,165.65,368
1489,3/15/2019,230.65,309
1490,3/15/2019,99.75,44
1491,3/15/2019,229.25,1133
1492,3/15/2019,518.35,794
1493,3/15/2019,209.1,912
1494,3/15/2019,39.9,786
1495,3/15/2019,209.65,1030
1496,3/15/2019,39.9,922
1497,3/15/2019,191.45,831
1498,3/16/2019,116.55,1234
1499,3/16/2019,209.45,1235
1500,3/16/2019,190.5,1236
1501,3/16/2019,55.9,1237
1502,3/16/2019,214.05,1238
1503,3/16/2019,232.4,1239
1504,3/16/2019,174.85,1240
1505,3/16/2019,349.65,1241
1506,3/16/2019,39.9,1242
1507,3/16/2019,234.3,1243
1508,3/16/2019,463.95,1244
1509,3/16/2019,174.65,1245
1510,3/16/2019,362.6,1246
1511,3/16/2019,203.35,1247
1512,3/16/2019,127.2,1248
1513,3/16/2019,442.25,1249
1514,3/16/2019,133.6,1250
1515,3/16/2019,160.45,1251
1516,3/16/2019,156.45,1252
1517,3/16/2019,44.85,1253
1518,3/16/2019,255.2,1254
1519,3/16/2019,96.65,1255
1520,3/16/2019,359.3,1256
1521,3/16/2019,300.05,1257
1522,3/16/2019,194.6,1258
1523,3/16/2019,143.01,1259
1524,3/16/2019,421.4,1260
1525,3/16/2019,165.55,1261
1526,3/16/2019,19.95,1262
1527,3/16/2019,77.7,1263
1528,3/16/2019,271.55,1264
1529,3/16/2019,104.65,1265
1530,3/16/2019,51.8,1266
1531,3/16/2019,64.75,1267
1532,3/16/2019,280,1268
1533,3/16/2019,42.8,1269
1534,3/16/2019,25.9,1270
1535,3/16/2019,174.55,1271
1536,3/16/2019,49.95,1272
1537,3/16/2019,11.8,1273
1538,3/16/2019,130.55,1274
1539,3/16/2019,120.6,1077
1540,3/16/2019,521.1,454
1541,3/16/2019,159.6,229
1542,3/16/2019,380.3,743
1543,3/16/2019,165.65,1259
1544,3/16/2019,159.6,1194
1545,3/16/2019,69.65,204
1546,3/17/2019,2.95,1275
1547,3/17/2019,669.35,1276
1548,3/17/2019,166.98,1277
1549,3/17/2019,219.4,1278
1550,3/17/2019,234.35,1279
1551,3/17/2019,142.45,1280
1552,3/17/2019,99.8,1281
1553,3/17/2019,239.3,1282
1554,3/17/2019,166.7,1283
1555,3/17/2019,14.75,1284
1556,3/17/2019,209.65,1285
1557,3/17/2019,461.45,1286
1558,3/17/2019,263.4,1287
1559,3/17/2019,167.7,935
1560,3/17/2019,44.65,274
1561,3/17/2019,449.6,947
1562,3/18/2019,354.05,1288
1563,3/18/2019,103.6,1289
1564,3/18/2019,51.8,1290
1565,3/18/2019,301.8,1291
1566,3/18/2019,104.65,1292
1567,3/18/2019,89.85,1293
1568,3/18/2019,197.7,1294
1569,3/18/2019,167.4,1295
1570,3/18/2019,222.6,1296
1571,3/18/2019,62.4,1297
1572,3/18/2019,499.5,1298
1573,3/18/2019,197.7,1299
1574,3/18/2019,318.25,1300
1575,3/18/2019,264.25,1301
1576,3/18/2019,159.6,1302
1577,3/18/2019,199.8,1303
1578,3/18/2019,110.6,71
1579,3/18/2019,129.8,1126
1580,3/18/2019,289.15,1247
1581,3/18/2019,117.65,1053
1582,3/18/2019,449.55,37
1583,3/18/2019,59.9,753
1584,3/18/2019,597.05,382
1585,3/18/2019,233.3,1255
1586,3/18/2019,32.95,10
1587,3/18/2019,149.85,1198
1588,3/18/2019,232.7,335
1589,3/19/2019,74.75,1304
1590,3/19/2019,289.1,1305
1591,3/19/2019,29.95,1306
1592,3/19/2019,116.55,1307
1593,3/19/2019,515.8,1308
1594,3/19/2019,98.6,1309
1595,3/19/2019,12.95,1310
1596,3/19/2019,424.45,1311
1597,3/19/2019,279.8,1312
1598,3/19/2019,145.45,1313
1599,3/19/2019,159.4,1314
1600,3/19/2019,55.8,1315
1601,3/19/2019,25.9,1316
1602,3/19/2019,137.55,1317
1603,3/19/2019,124.75,1318
1604,3/19/2019,131.5,1319
1605,3/19/2019,149.5,1320
1606,3/19/2019,143.55,1321
1607,3/19/2019,201.4,1322
1608,3/19/2019,54.85,1323
1609,3/19/2019,306.1,1324
1610,3/19/2019,388.85,1325
1611,3/19/2019,139.65,1326
1612,3/19/2019,529.2,1059
1613,3/19/2019,166.45,368
1614,3/19/2019,270.45,204
1615,3/19/2019,418.9,935
1616,3/19/2019,84.7,74
1617,3/19/2019,371.2,975
1618,3/19/2019,321.35,241
1619,3/20/2019,392.35,1327
1620,3/20/2019,163.4,1328
1621,3/20/2019,229.35,1329
1622,3/20/2019,19.92,1330
1623,3/20/2019,135.5,1331
1624,3/20/2019,59.85,1332
1625,3/20/2019,233.35,1333
1626,3/20/2019,657.1,1334
1627,3/20/2019,60.8,1335
1628,3/20/2019,319.1,1336
1629,3/20/2019,139.65,1337
1630,3/20/2019,74.75,1338
1631,3/20/2019,211.55,1339
1632,3/20/2019,415.25,1340
1633,3/20/2019,199.8,1341
1634,3/20/2019,417.7,1342
1635,3/20/2019,136.55,1343
1636,3/20/2019,104.65,1344
1637,3/20/2019,262.2,1153
1638,3/20/2019,449.55,8
1639,3/20/2019,199.8,7
1640,3/20/2019,44.85,65
1641,3/20/2019,77.7,248
1642,3/20/2019,29.95,159
1643,3/20/2019,153.65,625
1644,3/20/2019,20.65,84
1645,3/20/2019,99.9,833
1646,3/20/2019,240.3,579
1647,3/20/2019,116.55,740
1648,3/21/2019,119.6,1345
1649,3/21/2019,19.95,1346
1650,3/21/2019,77.7,1347
1651,3/21/2019,182.4,1348
1652,3/21/2019,139.75,1349
1653,3/21/2019,299.7,1350
1654,3/21/2019,38.85,1351
1655,3/21/2019,447.3,1352
1656,3/21/2019,466.2,1353
1657,3/21/2019,99.75,1354
1658,3/21/2019,414.4,1355
1659,3/21/2019,59.8,1356
1660,3/21/2019,329,1357
1661,3/21/2019,376.3,1358
1662,3/21/2019,688.8,1359
1663,3/21/2019,196.95,1360
1664,3/21/2019,159.65,1361
1665,3/21/2019,616.95,1362
1666,3/21/2019,310.4,1363
1667,3/21/2019,119.7,1364
1668,3/21/2019,2.95,1365
1669,3/21/2019,209.4,1366
1670,3/21/2019,179.7,1367
1671,3/21/2019,177.1,1368
1672,3/21/2019,196.95,1369
1673,3/21/2019,84.8,1370
1674,3/21/2019,87.8,1371
1675,3/21/2019,1329.55,1372
1676,3/21/2019,199.6,1373
1677,3/21/2019,272.35,1374
1678,3/21/2019,220.15,1375
1679,3/21/2019,339.2,1376
1680,3/21/2019,489.65,97
1681,3/21/2019,111.8,340
1682,3/21/2019,5.9,73
1683,3/21/2019,134.55,1217
1684,3/21/2019,200.4,1142
1685,3/21/2019,38.85,1044
1686,3/21/2019,294.3,623
1687,3/21/2019,127.35,833
1688,3/21/2019,179.55,335
1689,3/21/2019,159.6,1327
1690,3/21/2019,138.75,931
1691,3/21/2019,203.15,274
1692,3/21/2019,24.95,44
1693,3/21/2019,399.05,785
1694,3/22/2019,249.2,1377
1695,3/22/2019,38.85,1378
1696,3/22/2019,658.65,1379
1697,3/22/2019,90.65,1380
1698,3/22/2019,77.7,1381
1699,3/22/2019,216.3,1382
1700,3/22/2019,226.15,1383
1701,3/22/2019,296.55,1384
1702,3/22/2019,41.8,1385
1703,3/22/2019,19.95,1386
1704,3/22/2019,271.3,1387
1705,3/22/2019,197.55,1388
1706,3/22/2019,279.3,1389
1707,3/22/2019,384.2,1390
1708,3/22/2019,55.9,1391
1709,3/22/2019,199.8,1392
1710,3/22/2019,197.55,1393
1711,3/22/2019,251.55,1394
1712,3/22/2019,139.65,1395
1713,3/22/2019,219.45,1396
1714,3/22/2019,144.55,1397
1715,3/22/2019,115.4,1398
1716,3/22/2019,142.45,1399
1717,3/22/2019,44.85,1400
1718,3/22/2019,83.85,1401
1719,3/22/2019,76.75,1402
1720,3/22/2019,271.95,1403
1721,3/22/2019,209.65,1404
1722,3/22/2019,102.65,1405
1723,3/22/2019,230.66,1406
1724,3/22/2019,22.41,1407
1725,3/22/2019,139.65,1408
1726,3/22/2019,234.35,1409
1727,3/22/2019,251.55,1410
1728,3/22/2019,1077.7,1411
1729,3/22/2019,331.5,1412
1730,3/22/2019,164.55,1413
1731,3/22/2019,29.9,1414
1732,3/22/2019,209.85,1415
1733,3/22/2019,319.35,1416
1734,3/22/2019,289.5,1196
1735,3/23/2019,14.75,1417
1736,3/23/2019,503.2,1418
1737,3/23/2019,114.65,1419
1738,3/23/2019,250,1420
1739,3/23/2019,124.65,1421
1740,3/23/2019,234.55,1422
1741,3/23/2019,59.85,1423
1742,3/23/2019,1195.55,1424
1743,3/23/2019,262.95,1425
1744,3/23/2019,189.5,1426
1745,3/23/2019,51.8,1427
1746,3/23/2019,369.25,1428
1747,3/23/2019,349.65,1429
1748,3/23/2019,288.6,1430
1749,3/23/2019,38.85,1431
1750,3/23/2019,355.1,1432
1751,3/23/2019,96.35,1433
1752,3/23/2019,1051.8,1434
1753,3/23/2019,125.6,1435
1754,3/23/2019,259.6,1436
1755,3/23/2019,29.92,1437
1756,3/23/2019,29.95,1438
1757,3/23/2019,268.4,1439
1758,3/23/2019,349.65,1440
1759,3/23/2019,230.3,1441
1760,3/23/2019,367.2,1442
1761,3/23/2019,559.35,1443
1762,3/23/2019,100,1444
1763,3/23/2019,321.2,1445
1764,3/23/2019,1007.9,1446
1765,3/23/2019,122.5,785
1766,3/23/2019,17.7,876
1767,3/24/2019,919.2,1447
1768,3/24/2019,17.7,1448
1769,3/24/2019,25,1449
1770,3/24/2019,171.25,1450
1771,3/24/2019,49.95,1451
1772,3/24/2019,38.85,1452
1773,3/24/2019,29.85,1453
1774,3/24/2019,350.15,1454
1775,3/24/2019,319.45,1455
1776,3/24/2019,329.4,1456
1777,3/24/2019,17.7,1457
1778,3/24/2019,1359.4,1458
1779,3/24/2019,575.85,1459
1780,3/24/2019,399.6,1460
1781,3/24/2019,304.2,1461
1782,3/24/2019,204.7,1462
1783,3/24/2019,175.5,1463
1784,3/24/2019,139.65,1464
1785,3/24/2019,160.3,1465
1786,3/24/2019,325.6,1466
1787,3/24/2019,375,1467
1788,3/24/2019,399.6,1468
1789,3/24/2019,119.7,1469
1790,3/24/2019,59.85,1470
1791,3/24/2019,559.2,1471
1792,3/24/2019,32.95,1472
1793,3/24/2019,223.6,1473
1794,3/24/2019,25.9,1474
1795,3/24/2019,250,1475
1796,3/24/2019,211.4,1476
1797,3/24/2019,100,1477
1798,3/24/2019,1023.6,1478
1799,3/24/2019,172.15,1479
1800,3/24/2019,309.85,1480
1801,3/24/2019,677.8,1481
1802,3/24/2019,120.45,1482
1803,3/24/2019,341.2,1483
1804,3/24/2019,548.1,1484
1805,3/24/2019,31.72,1142
1806,3/24/2019,19.9,24
1807,3/24/2019,244.2,1082
1808,3/24/2019,4,454
1809,3/24/2019,91.65,1196
1810,3/24/2019,299.55,1444
1811,3/24/2019,399.6,1454
1812,3/24/2019,505.05,740
1813,3/24/2019,103.6,399
1814,3/25/2019,242.45,1485
1815,3/25/2019,589.05,1486
1816,3/25/2019,1000,1487
1817,3/25/2019,149.85,1488
1818,3/25/2019,100,1489
1819,3/25/2019,25.9,1490
1820,3/25/2019,459.3,1491
1821,3/25/2019,263,1492
1822,3/25/2019,54.65,1493
1823,3/25/2019,732.85,1494
1824,3/25/2019,128.55,309
1825,3/25/2019,103.8,1484
1826,3/25/2019,271.45,13
1827,3/25/2019,4,414
1828,3/25/2019,341.65,1295
1829,3/25/2019,175.6,947
1830,3/26/2019,69.85,1495
1831,3/26/2019,280.4,1496
1832,3/26/2019,532.1,1497
1833,3/26/2019,249.75,1498
1834,3/26/2019,357.55,1499
1835,3/26/2019,457.05,1500
1836,3/26/2019,392.2,1501
1837,3/26/2019,501.35,1502
1838,3/26/2019,119.7,1503
1839,3/26/2019,254.35,1504
1840,3/26/2019,117.45,1505
1841,3/26/2019,94.7,1506
1842,3/26/2019,257.25,1507
1843,3/26/2019,23.6,1508
1844,3/26/2019,100,1509
1845,3/26/2019,51.8,1510
1846,3/26/2019,136.45,1511
1847,3/26/2019,1101.3,1512
1848,3/26/2019,79.8,1513
1849,3/26/2019,438.45,1514
1850,3/26/2019,312.65,1515
1851,3/26/2019,203.25,1516
1852,3/26/2019,1127.65,1517
1853,3/26/2019,449.55,1518
1854,3/26/2019,60.7,625
1855,3/26/2019,314.5,183
1856,3/26/2019,207.55,787
1857,3/26/2019,2.95,36
1858,3/26/2019,264.55,1119
1859,3/26/2019,156.45,10
1860,3/27/2019,750,1519
1861,3/27/2019,279.7,1520
1862,3/27/2019,699.15,1521
1863,3/27/2019,103.6,1522
1864,3/27/2019,196.9,1523
1865,3/27/2019,514.25,1524
1866,3/27/2019,99.75,1525
1867,3/27/2019,209.65,1526
1868,3/27/2019,139.65,1527
1869,3/27/2019,74.95,1528
1870,3/27/2019,40.65,1529
1871,3/27/2019,20.65,1530
1872,3/27/2019,159.85,1531
1873,3/27/2019,99.9,1532
1874,3/27/2019,51.8,1533
1875,3/27/2019,99.9,1534
1876,3/27/2019,364.4,1535
1877,3/27/2019,399.6,1536
1878,3/27/2019,163.4,1537
1879,3/27/2019,84.4,1538
1880,3/27/2019,219.35,1539
1881,3/27/2019,149.85,1540
1882,3/27/2019,449.55,1541
1883,3/27/2019,322.11,1542
1884,3/27/2019,89.7,1543
1885,3/27/2019,525.9,1544
1886,3/27/2019,408.95,1545
1887,3/27/2019,14.75,1546
1888,3/27/2019,677.1,1547
1889,3/27/2019,14.75,1548
1890,3/27/2019,310.85,1549
1891,3/27/2019,209.25,1550
1892,3/27/2019,399.85,1551
1893,3/27/2019,42.7,1552
1894,3/27/2019,25,1553
1895,3/27/2019,249.75,1554
1896,3/27/2019,104.65,1555
1897,3/27/2019,50,1556
1898,3/27/2019,488.4,1557
1899,3/27/2019,100,1558
1900,3/27/2019,288.15,1456
1901,3/27/2019,355.15,44
1902,3/27/2019,115.5,334
1903,3/27/2019,364.35,1513
1904,3/27/2019,363.15,975
1905,3/27/2019,64.75,1481
1906,3/27/2019,493.35,1382
1907,3/27/2019,7,851
1908,3/27/2019,414.25,1031
1909,3/27/2019,118.85,1533
1910,3/28/2019,42.7,1559
1911,3/28/2019,132.6,1560
1912,3/28/2019,915.75,1561
1913,3/28/2019,100,1562
1914,3/28/2019,266.3,1563
1915,3/28/2019,181.2,1564
1916,3/28/2019,128.35,1565
1917,3/28/2019,339.6,1566
1918,3/28/2019,1419.6,1567
1919,3/28/2019,209.85,1568
1920,3/28/2019,249.75,1569
1921,3/28/2019,74.95,1570
1922,3/28/2019,199.6,1571
1923,3/28/2019,239.6,1572
1924,3/28/2019,139.65,1573
1925,3/28/2019,100,1574
1926,3/28/2019,121.4,1575
1927,3/28/2019,12.95,1576
1928,3/28/2019,87.8,1577
1929,3/28/2019,59.9,1578
1930,3/28/2019,1079.8,1579
1931,3/28/2019,399.6,1580
1932,3/28/2019,266.6,1581
1933,3/28/2019,265.65,1582
1934,3/28/2019,1046.5,1583
1935,3/28/2019,371.45,1584
1936,3/28/2019,252.7,1585
1937,3/28/2019,274.7,1586
1938,3/28/2019,130.52,1587
1939,3/28/2019,14.94,229
1940,3/28/2019,176.55,1237
1941,3/28/2019,106.65,1578
1942,3/28/2019,915.15,1070
1943,3/28/2019,609,1154
1944,3/28/2019,33.55,195
1945,3/28/2019,204.9,975
1946,3/28/2019,169.3,275
1947,3/28/2019,473.85,807
1948,3/28/2019,124.65,1245
1949,3/28/2019,153.5,1265
1950,3/28/2019,369.3,183
1951,3/28/2019,14.75,1414
1952,3/28/2019,149.5,1456
1953,3/28/2019,83.4,199
1954,3/29/2019,79.75,1588
1955,3/29/2019,449.55,1589
1956,3/29/2019,1090.65,1590
1957,3/29/2019,25,1591
1958,3/29/2019,1124.75,1592
1959,3/29/2019,232.8,1593
1960,3/29/2019,59.9,1594
1961,3/29/2019,89.65,1595
1962,3/29/2019,644.7,1596
1963,3/29/2019,25.9,1597
1964,3/29/2019,116.55,1598
1965,3/29/2019,222.4,1599
1966,3/29/2019,302.7,1600
1967,3/29/2019,5.9,1601
1968,3/29/2019,224.35,1602
1969,3/29/2019,11.8,1603
1970,3/29/2019,143.1,1604
1971,3/29/2019,116.55,1605
1972,3/29/2019,109.75,1606
1973,3/29/2019,24.95,1607
1974,3/29/2019,172.05,1608
1975,3/29/2019,87.8,1609
1976,3/29/2019,49.95,1610
1977,3/29/2019,177.65,1611
1978,3/29/2019,59.85,1612
1979,3/29/2019,264.5,1613
1980,3/29/2019,893.7,1614
1981,3/29/2019,39.9,1615
1982,3/29/2019,144.55,1616
1983,3/29/2019,79.8,1617
1984,3/29/2019,1000,1618
1985,3/29/2019,349.75,1619
1986,3/29/2019,19.95,1620
1987,3/29/2019,269.6,1621
1988,3/29/2019,249.85,1622
1989,3/29/2019,430.5,1623
1990,3/29/2019,549.7,1624
1991,3/29/2019,1179.55,1625
1992,3/29/2019,129.5,1626
1993,3/29/2019,99.9,1366
1994,3/29/2019,137.4,1346
1995,3/29/2019,86.5,1574
1996,3/29/2019,15.8,518
1997,3/29/2019,43.5,290
1998,3/29/2019,5.9,1407
1999,3/29/2019,59.85,1153
2000,3/29/2019,95.7,1247
2001,3/29/2019,139.65,1247
2002,3/29/2019,174.5,24
2003,3/29/2019,119.7,1407
2004,3/29/2019,59.85,65
2005,3/29/2019,2.49,375
2006,3/30/2019,200.6,1627
2007,3/30/2019,645.2,1628
2008,3/30/2019,169.8,1629
2009,3/30/2019,310.25,1630
2010,3/30/2019,313.15,1631
2011,3/30/2019,179.55,1632
2012,3/30/2019,169.8,1633
2013,3/30/2019,19.95,1634
2014,3/30/2019,402.4,1635
2015,3/30/2019,338.55,1636
2016,3/30/2019,187.45,1637
2017,3/30/2019,349.65,1413
2018,3/31/2019,43.55,1638
2019,3/31/2019,2.95,1639
2020,3/31/2019,264.5,1640
2021,3/31/2019,1019.95,1641
2022,3/31/2019,23.6,1642
2023,3/31/2019,1065.85,1643
2024,3/31/2019,213.55,1644
2025,3/31/2019,1020.65,1645
2026,3/31/2019,196.35,1646
2027,3/31/2019,515.4,1647
2028,3/31/2019,1000,1648
2029,3/31/2019,5.9,1649
2030,3/31/2019,164.75,1650
2031,3/31/2019,522.05,1651
2032,3/31/2019,119.7,1652
2033,3/31/2019,449.55,188
2034,3/31/2019,188.2,139
2035,3/31/2019,145.55,1327
2036,3/31/2019,140.4,1594
2037,3/31/2019,2,1406
2038,3/31/2019,200.45,62
2039,3/31/2019,12,1255
2040,3/31/2019,53.7,776
2041,3/31/2019,176.5,623
2042,3/31/2019,414.55,399
2043,3/31/2019,16.85,1643
2044,3/31/2019,299.7,1369
2045,3/31/2019,611.1,896
2046,3/31/2019,179.7,288
2047,3/31/2019,407.2,183
2048,3/31/2019,264.7,241
2049,3/31/2019,226.45,1649