{"schemaVersion":"1.0","appDefinitionTemplate":{"id":"/providers/Microsoft.PowerApps/apps/","type":"Microsoft.PowerApps/apps","tags":{"minimumRequiredApiVersion":"2.2.0"},"properties":{"appVersion":"2019-02-28T04:39:29Z","lifeCycleId":"Published","createdByClientVersion":{"major":3,"minor":19023,"build":12,"revision":0,"majorRevision":0,"minorRevision":0},"minClientVersion":{"major":3,"minor":19023,"build":12,"revision":0,"majorRevision":0,"minorRevision":0},"backgroundColor":"rgba(37, 62, 143, 1)","backgroundImageUri":"/16487248193166678216/N8f3c8d9f-dcde-4b33-a93d-1c53a91a6e5d-logoSmallFile","displayName":"Customer Ordering","description":"A sample demo canvas app for Building Business Solutions with PowerApps and Flow.","appUris":{"documentUri":{"value":"/16487248193166678216/N2585a13e-918b-425e-9f5d-fae8dd952740-document.msapp","readonlyValue":"/16487248193166678216/N2585a13e-918b-425e-9f5d-fae8dd952740-document.msapp"},"imageUris":[]},"createdTime":"0001-01-01T00:00:00Z","lastModifiedTime":"0001-01-01T00:00:00Z","sharedGroupsCount":0,"sharedUsersCount":0,"icons":{"smallIconUri":"/16487248193166678216/N95db7ec9-bcda-4d2a-92f7-9dbc4261f113-small.png","mediumIconUri":"/16487248193166678216/Nb66f2fd9-6c72-418d-9a55-e869043d827d-medium.png","largeIconUri":"/16487248193166678216/Nd825ee61-e917-47d1-8bad-3c308569c1ef-large.png","wideIconUri":"/16487248193166678216/Nbe45a02a-bceb-4e00-bd2f-89b9e967d385-wide.png"},"connectionReferences":{"28150e7e-2dec-4e8d-b8d5-5cae09d0e43d":{"id":"846663ec-a9d4-4e9e-9c48-3e9e42cc6b8f","displayName":"SharePoint","iconUri":"https://connectoricons-prod.azureedge.net/sharepointonline/icon_1.0.1019.1195.png","dataSources":["Customers"],"dependencies":[],"dependents":[],"parameterHints":{},"isOnPremiseConnection":false,"bypassConsent":false,"dataSets":{"https://bbspalabs.sharepoint.com/":{"dataSources":{"Customers":{"tableName":"2933bc62-73f7-4d6b-9a90-978e364d82d0"}}}},"apiTier":"Standard","isCustomApiConnection":false},"54155796-376b-4916-9377-baa593a001f3":{"id":"948a234b-f4c9-42d1-84a9-21e0b34bccfb","displayName":"CustomerFactoryAPI","iconUri":"https://prodapiicons.cdn.powerappscdn.net/20190228t000000z8b05b676869a441ab57a822a4557dcf3/customconnectoricon.png","dataSources":["CustomerFactoryApi"],"dependencies":[],"dependents":[],"parameterHints":{},"isOnPremiseConnection":false,"bypassConsent":false,"dataSets":{},"apiTier":"Standard","isCustomApiConnection":true}},"almMode":"Environment"}}}