{"schemaVersion":"1.0","appDefinitionTemplate":{"id":"/providers/Microsoft.PowerApps/apps/","type":"Microsoft.PowerApps/apps","tags":{"minimumRequiredApiVersion":"2.2.0"},"properties":{"appVersion":"2019-02-22T17:09:43Z","lifeCycleId":"Published","createdByClientVersion":{"major":3,"minor":19022,"build":17,"revision":0,"majorRevision":0,"minorRevision":0},"minClientVersion":{"major":3,"minor":19022,"build":17,"revision":0,"majorRevision":0,"minorRevision":0},"backgroundColor":"rgba(37, 62, 143, 1)","backgroundImageUri":"/12025753383049478257/N1ada8ab5-c71f-4638-9884-45a769a016c7-logoSmallFile","displayName":"Expense Tracker","description":"A simple canvas app for lab 1","appUris":{"documentUri":{"value":"/12025753383049478257/Nad32efdb-4e04-4e5f-880c-c40652ece88e-document.msapp","readonlyValue":"/12025753383049478257/Nad32efdb-4e04-4e5f-880c-c40652ece88e-document.msapp"},"imageUris":[]},"createdTime":"0001-01-01T00:00:00Z","lastModifiedTime":"0001-01-01T00:00:00Z","sharedGroupsCount":0,"sharedUsersCount":0,"icons":{"smallIconUri":"/12025753383049478257/N4642c532-980a-4c95-adf1-4cd232f14b16-small.png","mediumIconUri":"/12025753383049478257/Nccbf2c21-5c40-463b-b0c8-6250b3a90f5e-medium.png","largeIconUri":"/12025753383049478257/N6d8700d5-0951-4734-8a91-da0517d35f85-large.png","wideIconUri":"/12025753383049478257/N7ee8d57b-bd29-47fa-9c6c-17c00ac26644-wide.png"},"connectionReferences":{"2513ac6e-9027-481a-82b4-8102b8f1384d":{"id":"6a9ca330-5410-45ff-bf91-2c7c6dfbacc7","displayName":"Excel","iconUri":"https://connectoricons-prod.azureedge.net/excel/icon_1.0.1018.1190.png","dataSources":["Expenses"],"dependencies":["966b65ba-4a83-4e7a-b94d-9754cd0bfe00"],"dependents":[],"parameterHints":{"966b65ba-4a83-4e7a-b94d-9754cd0bfe00":{"value":"fileSource"}},"isOnPremiseConnection":false,"bypassConsent":false,"dataSets":{"017BIZ2TCRJPM2UUK7VBD2IKMMAGQCDLCB":{"dataSources":{"Expenses":{"tableName":"Expenses"}}}},"apiTier":"Standard","isCustomApiConnection":false},"966b65ba-4a83-4e7a-b94d-9754cd0bfe00":{"id":"836ec4e3-a837-4d9e-be6e-9aa232806176","displayName":"OneDrive for Business","iconUri":"https://connectoricons-prod.azureedge.net/onedriveforbusiness/icon_1.0.1061.1268.png","dataSources":[],"dependencies":[],"dependents":["2513ac6e-9027-481a-82b4-8102b8f1384d"],"parameterHints":{},"isOnPremiseConnection":false,"bypassConsent":false,"dataSets":{},"apiTier":"Standard","isCustomApiConnection":false}},"almMode":"Environment"}}}