{"schemaVersion":"1.0","appDefinitionTemplate":{"id":"/providers/Microsoft.PowerApps/apps/","type":"Microsoft.PowerApps/apps","tags":{"minimumRequiredApiVersion":"2.2.0"},"properties":{"appVersion":"2019-06-10T17:35:03Z","lifeCycleId":"Published","createdByClientVersion":{"major":3,"minor":19054,"build":15,"revision":0,"majorRevision":0,"minorRevision":0},"minClientVersion":{"major":3,"minor":19054,"build":15,"revision":0,"majorRevision":0,"minorRevision":0},"backgroundColor":"rgba(165, 34, 55, 1)","backgroundImageUri":"/11005355304505300193/Nca6ac74e-b6c5-4161-b51f-18d216ab9d36-logoSmallFile","displayName":"Power BI Dataset Manager","description":"","appUris":{"documentUri":{"value":"/11005355304505300193/N28819c85-cd52-4125-9b40-f559f3b22f2f-document.msapp","readonlyValue":"/11005355304505300193/N28819c85-cd52-4125-9b40-f559f3b22f2f-document.msapp"},"imageUris":[]},"createdTime":"0001-01-01T00:00:00Z","lastModifiedTime":"0001-01-01T00:00:00Z","sharedGroupsCount":0,"sharedUsersCount":0,"icons":{"smallIconUri":"/11005355304505300193/Nfc623d67-d7ac-4efc-97e9-631b1eaa1414-small.png","mediumIconUri":"/11005355304505300193/Nabcda027-629f-457a-801f-b53020737fe8-medium.png","largeIconUri":"/11005355304505300193/N803e3ffd-f349-4099-8d0c-e5c71a47ae1f-large.png","wideIconUri":"/11005355304505300193/Ne1ac96c1-5b1a-4256-a865-7779ff2d6edf-wide.png"},"connectionReferences":{"c6225387-5de0-4939-998b-492c2463076f":{"id":"a872ec78-6edb-4076-b3b0-96cccb6fc9b6","displayName":"PowerBiDatasetsAPI","iconUri":"https://prodapiicons.cdn.powerappscdn.net/20190610t000000z5fb5250b8f0b421f88575f4c0d208703/customconnectoricon.png","dataSources":["PowerBIConnector"],"dependencies":[],"dependents":[],"parameterHints":{},"isOnPremiseConnection":false,"bypassConsent":false,"dataSets":{},"apiTier":"Standard","isCustomApiConnection":true}},"almMode":"Environment"}}}