{"schemaVersion":"1.0","appDefinitionTemplate":{"id":"/providers/Microsoft.PowerApps/apps/","type":"Microsoft.PowerApps/apps","tags":{"minimumRequiredApiVersion":"2.2.0"},"properties":{"appVersion":"2019-02-27T22:49:26Z","lifeCycleId":"Published","createdByClientVersion":{"major":3,"minor":19022,"build":17,"revision":0,"majorRevision":0,"minorRevision":0},"minClientVersion":{"major":3,"minor":19022,"build":17,"revision":0,"majorRevision":0,"minorRevision":0},"backgroundColor":"rgba(37, 62, 143, 1)","backgroundImageUri":"/16487248193166678216/N80dcea26-d588-4195-98d3-9c185dbe7a9d-logoSmallFile","displayName":"Customer Ordering","description":"A sample demo canvas app for Building Business Solutions with PowerApps and Flow.","appUris":{"documentUri":{"value":"/16487248193166678216/Nce4871da-c729-4f33-b986-082b17ced3a0-document.msapp","readonlyValue":"/16487248193166678216/Nce4871da-c729-4f33-b986-082b17ced3a0-document.msapp"},"imageUris":[]},"createdTime":"0001-01-01T00:00:00Z","lastModifiedTime":"0001-01-01T00:00:00Z","sharedGroupsCount":0,"sharedUsersCount":0,"icons":{"smallIconUri":"/16487248193166678216/Nef182fc2-8af2-4731-b971-92b51200be76-small.png","mediumIconUri":"/16487248193166678216/N99d5074b-c9be-4334-a26d-e84827190347-medium.png","largeIconUri":"/16487248193166678216/Na47c5d40-908d-41d5-9c62-f160ed72ef39-large.png","wideIconUri":"/16487248193166678216/Nca1b9b17-fe6a-45fc-af01-baf1ee473d41-wide.png"},"connectionReferences":{"28150e7e-2dec-4e8d-b8d5-5cae09d0e43d":{"id":"846663ec-a9d4-4e9e-9c48-3e9e42cc6b8f","displayName":"SharePoint","iconUri":"https://connectoricons-prod.azureedge.net/sharepointonline/icon_1.0.1019.1195.png","dataSources":["Customers"],"dependencies":[],"dependents":[],"parameterHints":{},"isOnPremiseConnection":false,"bypassConsent":false,"dataSets":{"https://bbspalabs.sharepoint.com/":{"dataSources":{"Customers":{"tableName":"2933bc62-73f7-4d6b-9a90-978e364d82d0"}}}},"apiTier":"Standard","isCustomApiConnection":false}},"almMode":"Environment"}}}