{"name":"032ea415-8d26-4eb3-8c98-cc96d2d1f779","id":"/providers/Microsoft.Flow/flows/032ea415-8d26-4eb3-8c98-cc96d2d1f779","type":"Microsoft.Flow/flows","properties":{"apiId":"/providers/Microsoft.PowerApps/apis/shared_logicflows","displayName":"Send Email containng HTML Table with Customer Data","definition":{"metadata":{"workflowEntityId":null,"creator":{"id":"5207a3dc-6f6f-4870-8a5b-842f7ed431f3","type":"User","tenantId":"1da5d674-df2c-4117-a9d7-ee0985093682"},"provisioningMethod":"FromDefinition","failureAlertSubscription":true,"clientLastModifiedTime":"2019-08-08T17:31:58.9075946Z"},"$schema":"https://schema.management.azure.com/providers/Microsoft.Logic/schemas/2016-06-01/workflowdefinition.json#","contentVersion":"1.0.0.0","parameters":{"$connections":{"defaultValue":{},"type":"Object"},"$authentication":{"defaultValue":{},"type":"SecureObject"}},"triggers":{"manual":{"type":"Request","kind":"Button","inputs":{"schema":{"type":"object","properties":{},"required":[]}}}},"actions":{"Get_items":{"runAfter":{},"metadata":{"flowSystemMetadata":{"swaggerOperationId":"GetItems"}},"type":"ApiConnection","inputs":{"host":{"connection":{"name":"@json(decodeBase64(triggerOutputs().headers['X-MS-APIM-Tokens']))['$connections']['shared_sharepointonline']['connectionId']"},"api":{"runtimeUrl":"https://unitedstates-002.azure-apim.net/apim/sharepointonline"}},"method":"get","path":"/datasets/@{encodeURIComponent(encodeURIComponent('https://summatime.sharepoint.com/'))}/tables/@{encodeURIComponent(encodeURIComponent('584d767e-c14b-423c-b1ff-0df20b1ab522'))}/items","authentication":{"type":"Raw","value":"@json(decodeBase64(triggerOutputs().headers['X-MS-APIM-Tokens']))['$ConnectionKey']"}}},"Select":{"runAfter":{"Customer_Message":["Succeeded"]},"type":"Select","inputs":{"from":"@body('Get_items')?['value']","select":{"First Name":"@item()['FirstName']","Last Name":"@item()['Title']","Email":"<a href=\"mailto:@{item()['Email']}?subject=Getting Together&body=Hi @{item()['FirstName']}, %0D%0A   @{outputs('Customer_Message')}\">@{item()['Email']}</a>"}}},"Create_HTML_table":{"runAfter":{"Select":["Succeeded"]},"type":"Table","inputs":{"from":"@body('Select')","format":"HTML"}},"Send_an_email":{"runAfter":{"Compose_HTML_with_Customers_Table":["Succeeded"]},"metadata":{"flowSystemMetadata":{"swaggerOperationId":"SendEmail"}},"type":"ApiConnection","inputs":{"host":{"connection":{"name":"@json(decodeBase64(triggerOutputs().headers['X-MS-APIM-Tokens']))['$connections']['shared_office365']['connectionId']"},"api":{"runtimeUrl":"https://unitedstates-002.azure-apim.net/apim/office365"}},"method":"post","body":{"To":"TedP@summatime.onmicrosoft.com;","Subject":"Daily Customers","Body":"@{outputs('Compose_HTML_with_Customers_Table')}","IsHtml":true},"path":"/Mail","authentication":{"type":"Raw","value":"@json(decodeBase64(triggerOutputs().headers['X-MS-APIM-Tokens']))['$ConnectionKey']"}}},"Decode_HTML_content":{"runAfter":{"Create_HTML_table":["Succeeded"]},"type":"Compose","inputs":"@replace(replace(replace(body('Create_HTML_table'), '&lt;', '<'), '&gt;', '>'), '&quot;', '\"')"},"Customer_Message":{"runAfter":{"Get_items":["Succeeded"]},"type":"Compose","inputs":"It is nice to have you as one of my customers. I wanted to know if you wanted to get together this week to go over the details of your account."},"Compose_HTML_with_Customers_Table":{"runAfter":{"Decode_HTML_content":["Succeeded"]},"type":"Compose","inputs":"<style>\n   .customersTable table { border: 1px solid black; border-collapse:collapse }\n   .customersTable table th, .customersTable table td { border: 1px solid black; margin: 0; padding: 4px; }\n  .customersTable table th { background-color:black; color:white; text-align:left; }\n</style>\n<h3>Customers</h3>\n<div class=\"customersTable\" >\n  @{outputs('Decode_HTML_content')}\n </div>"}},"outputs":{}},"connectionReferences":{"shared_sharepointonline":{"connectionName":"1e4268b1321e47e5b434f16e8eac9ccc","source":"Invoker","id":"/providers/Microsoft.PowerApps/apis/shared_sharepointonline","tier":"NotSpecified"},"shared_office365":{"connectionName":"eb61da6abcd84a33b9681424d5d19bfc","source":"Invoker","id":"/providers/Microsoft.PowerApps/apis/shared_office365","tier":"NotSpecified"}},"flowFailureAlertSubscribed":false}}