{"schemaVersion":"1.0","appDefinitionTemplate":{"id":"/providers/Microsoft.PowerApps/apps/","type":"Microsoft.PowerApps/apps","tags":{"minimumRequiredApiVersion":"2.2.0"},"properties":{"appVersion":"2019-02-26T22:29:55Z","lifeCycleId":"Published","createdByClientVersion":{"major":3,"minor":19022,"build":17,"revision":0,"majorRevision":0,"minorRevision":0},"minClientVersion":{"major":3,"minor":19022,"build":17,"revision":0,"majorRevision":0,"minorRevision":0},"backgroundColor":"rgba(37, 62, 143, 1)","backgroundImageUri":"/16487248193166678216/Nf9bb3253-3c80-47d5-9c22-d036a8a92d86-logoSmallFile","displayName":"Customer Ordering","description":"A sample demo canvas app for Building Business Solutions with PowerApps and Flow.","appUris":{"documentUri":{"value":"/16487248193166678216/N1e8ea40d-9af6-4ec2-9eef-ea9ae56ecf64-document.msapp","readonlyValue":"/16487248193166678216/N1e8ea40d-9af6-4ec2-9eef-ea9ae56ecf64-document.msapp"},"imageUris":[]},"createdTime":"0001-01-01T00:00:00Z","lastModifiedTime":"0001-01-01T00:00:00Z","sharedGroupsCount":0,"sharedUsersCount":0,"icons":{"smallIconUri":"/16487248193166678216/N47be9b7b-954d-4381-b8f0-35accf9a11ae-small.png","mediumIconUri":"/16487248193166678216/N99d738e9-04f1-43d2-a7dd-d8238d22dd01-medium.png","largeIconUri":"/16487248193166678216/Nd58122cb-f3f5-4ddd-b50d-81cd99dd274d-large.png","wideIconUri":"/16487248193166678216/N9b37457d-6ffb-4780-aa64-df14b082b44a-wide.png"},"connectionReferences":{"28150e7e-2dec-4e8d-b8d5-5cae09d0e43d":{"id":"846663ec-a9d4-4e9e-9c48-3e9e42cc6b8f","displayName":"SharePoint","iconUri":"https://connectoricons-prod.azureedge.net/sharepointonline/icon_1.0.1019.1195.png","dataSources":["Customers"],"dependencies":[],"dependents":[],"parameterHints":{},"isOnPremiseConnection":false,"bypassConsent":false,"dataSets":{"https://bbspalabs.sharepoint.com/":{"dataSources":{"Customers":{"tableName":"2933bc62-73f7-4d6b-9a90-978e364d82d0"}}}},"apiTier":"Standard","isCustomApiConnection":false}},"almMode":"Environment"}}}