{"name":"ebafc499-aa60-46e6-957e-77f9934600df","id":"/providers/Microsoft.Flow/flows/ebafc499-aa60-46e6-957e-77f9934600df","type":"Microsoft.Flow/flows","properties":{"apiId":"/providers/Microsoft.PowerApps/apis/shared_logicflows","displayName":"Generate Letter for Customer","definition":{"metadata":{"workflowEntityId":null,"creator":{"id":"5207a3dc-6f6f-4870-8a5b-842f7ed431f3","type":"User","tenantId":"1da5d674-df2c-4117-a9d7-ee0985093682"},"provisioningMethod":"FromDefinition","failureAlertSubscription":true,"clientLastModifiedTime":"2019-08-08T16:34:44.3385567Z"},"$schema":"https://schema.management.azure.com/providers/Microsoft.Logic/schemas/2016-06-01/workflowdefinition.json#","contentVersion":"1.0.0.0","parameters":{"$connections":{"defaultValue":{},"type":"Object"},"$authentication":{"defaultValue":{},"type":"SecureObject"},"sharepoint.site":{"defaultValue":"","type":"String"},"sharepoint.list":{"defaultValue":"","type":"String"}},"triggers":{"manual":{"splitOn":"@triggerBody()['rows']","type":"Request","kind":"ApiConnection","inputs":{"schema":{"type":"object","properties":{"rows":{"type":"array","items":{"type":"object","properties":{"entity":{"type":"object","properties":{"ID":{"type":"integer"}},"required":["ID"]}},"required":["entity"]}}},"required":["rows"]},"headersSchema":{"x-ms-user-name-encoded":{"title":"User name","type":"string","format":"byte","x-ms-dynamically-added":false}},"host":{"api":{"runtimeUrl":"https://unitedstates-002.azure-apim.net/apim/sharepointonline"},"connection":{"name":"@parameters('$connections')['shared_sharepointonline']['connectionId']"}},"operationId":"GetOnNewItems","parameters":{"dataset":"https://summatime.sharepoint.com","table":"584d767e-c14b-423c-b1ff-0df20b1ab522"}}}},"actions":{"Get_item":{"runAfter":{},"type":"OpenApiConnection","inputs":{"host":{"apiId":"/providers/Microsoft.PowerApps/apis/shared_sharepointonline","connectionName":"shared_sharepointonline","operationId":"GetItem"},"parameters":{"dataset":"https://summatime.sharepoint.com","table":"584d767e-c14b-423c-b1ff-0df20b1ab522","id":"@triggerBody()?['entity']?['ID']"},"authentication":{"value":"@json(decodeBase64(triggerOutputs().headers['X-MS-APIM-Tokens']))['$ConnectionKey']","type":"Raw"}}},"Populate_a_Microsoft_Word_template":{"runAfter":{"Compose_letter_content":["Succeeded"]},"metadata":{"01JRQUMWK4T7S73ZZ5D5FJ24XCTRZS5EPY":"/Templates/CustomerLetterTemplate.docx"},"type":"OpenApiConnection","inputs":{"host":{"apiId":"/providers/Microsoft.PowerApps/apis/shared_wordonlinebusiness","connectionName":"shared_wordonlinebusiness","operationId":"CreateFileItem"},"parameters":{"source":"sites/summatime.sharepoint.com,e5317169-02ce-4428-8dca-abc65a3e0a5c,b19b3b5a-f310-47a0-95aa-98331ae1ea98","drive":"b!aXEx5c4CKESNyqvGWj4KXFo7m7EQ86BHlaqYMxrh6piigCUQauhbS60UXrZNTD17","file":"01JRQUMWK4T7S73ZZ5D5FJ24XCTRZS5EPY","dynamicFileSchema/376666303":"@convertTimeZone(utcnow(),'UTC','Eastern Standard Time','MMM d, yyyy')","dynamicFileSchema/-1752962657":"@{outputs('Get_item')?['body/FirstName']} @{outputs('Get_item')?['body/Title']}\n@{outputs('Get_item')?['body/WorkAddress']}\n@{outputs('Get_item')?['body/WorkCity']}, @{outputs('Get_item')?['body/WorkState']}  @{outputs('Get_item')?['body/WorkZip']}","dynamicFileSchema/-1872841454":"@outputs('Compose_letter_content')","dynamicFileSchema/-1862735736":"@triggerOutputs()['headers']['x-ms-user-name-encoded']"},"authentication":{"value":"@json(decodeBase64(triggerOutputs().headers['X-MS-APIM-Tokens']))['$ConnectionKey']","type":"Raw"}}},"Compose_letter_content":{"runAfter":{"Get_item":["Succeeded"]},"type":"Compose","inputs":"Dear @{outputs('Get_item')?['body/FirstName']},\n\nLorem ipsum dolor sit amet, id omnis viderer blandit pri, duo in vide nominati consequuntur, duo ne admodum tractatos. An velit iudico phaedrum vim, no saepe altera duo, sea duis assum id. Cu mel facilisi rationibus, in eros albucius per, cum id movet graecis. Ex vel tollit civibus repudiare, quidam audire vituperatoribus pri an. An eros utinam has.\n\nDicat veniam reprehendunt usu eu, id pri stet qualisque. Vis tale quaeque incorrupte ea, mea quaestio imperdiet ei, per eu perfecto lobortis argumentum. Ad his viris appetere gloriatur. Ei eos elit appareat complectitur. Quo novum aperiri accusamus ei, duis nostrud cum no, at vel dolorum recusabo patrioque.\n\nVim no eius verterem urbanitas, error veniam vim an. Ut possit aperiam sed, veniam oporteat sapientem has eu, pro civibus evertitur ne. Saepe impetus id vis, vel iudico tantas epicurei te. Pri praesent instructior eu, vix quod lorem commune ei, mea facilisi tacimates antiopam eu.\n\nErant animal te nam, ius praesent imperdiet abhorreant an. Mea unum dicam gloriatur eu, quem molestie accusamus vel te. Dicam nonumes at mei, omnis veritus adipisci ne eos. Everti mnesarchum in eam, no ius aeque vulputate. An debet referrentur vim, duo ne amet melius.\n\nDuo magna mediocrem ocurreret et. Mollis voluptatum ei eam. Placerat scripserit an has, vitae tempor vim no. Oblique admodum iudicabit est in. Ut suavitate disputationi eum, et modo error commune quo.\n\nAugue fabulas id vel. Nec dico legimus an, diceret qualisque his eu. Molestiae laboramus ex eam, in sumo essent dignissim his, eu delicata liberavisse mea. Vis ut iudico graeco iriure. Per veniam eleifend ad, eu sit novum tempor menandri.\n"},"Compose_file_name":{"runAfter":{"Populate_a_Microsoft_Word_template":["Succeeded"]},"type":"Compose","inputs":"Letter-@{outputs('Get_item')?['body/FirstName']}-@{outputs('Get_item')?['body/Title']}"},"Create_file":{"runAfter":{"Compose_file_name":["Succeeded"]},"type":"OpenApiConnection","inputs":{"host":{"apiId":"/providers/Microsoft.PowerApps/apis/shared_sharepointonline","connectionName":"shared_sharepointonline","operationId":"CreateFile"},"parameters":{"dataset":"https://summatime.sharepoint.com/","folderPath":"/Letters","name":"@{outputs('Compose_file_name')}.docx","body":"@outputs('Populate_a_Microsoft_Word_template')?['body']"},"authentication":{"value":"@json(decodeBase64(triggerOutputs().headers['X-MS-APIM-Tokens']))['$ConnectionKey']","type":"Raw"}}}},"outputs":{},"description":"Define a custom action to happen for a selected item. It could be sending an email, copying the item to a folder or web service, or something else. You decide. To run this flow, select an item and choose this flow from the Flow menu."},"connectionReferences":{"shared_sharepointonline":{"connectionName":"shared-sharepointonl-ae596949-a9cf-4191-bb72-6070be9d9226","source":"Invoker","id":"/providers/Microsoft.PowerApps/apis/shared_sharepointonline","tier":"NotSpecified"},"shared_wordonlinebusiness":{"connectionName":"shared-wordonlinebus-6bb96cda-baf3-4d25-998f-ea9b334bed88","source":"Invoker","id":"/providers/Microsoft.PowerApps/apis/shared_wordonlinebusiness","tier":"NotSpecified"}},"flowFailureAlertSubscribed":false}}