{"schemaVersion":"1.0","appDefinitionTemplate":{"id":"/providers/Microsoft.PowerApps/apps/","type":"Microsoft.PowerApps/apps","tags":{"minimumRequiredApiVersion":"2.2.0"},"properties":{"appVersion":"2019-02-27T21:27:17Z","lifeCycleId":"Published","createdByClientVersion":{"major":3,"minor":19022,"build":17,"revision":0,"majorRevision":0,"minorRevision":0},"minClientVersion":{"major":3,"minor":19022,"build":17,"revision":0,"majorRevision":0,"minorRevision":0},"backgroundColor":"rgba(37, 62, 143, 1)","backgroundImageUri":"/16487248193166678216/Nf059080c-00fb-46ce-885f-90c12716e7a5-logoSmallFile","displayName":"Customer Ordering","description":"A sample demo canvas app for Building Business Solutions with PowerApps and Flow.","appUris":{"documentUri":{"value":"/16487248193166678216/N2937bdcc-7ead-4da4-a730-8f8229cccf5b-document.msapp","readonlyValue":"/16487248193166678216/N2937bdcc-7ead-4da4-a730-8f8229cccf5b-document.msapp"},"imageUris":[]},"createdTime":"0001-01-01T00:00:00Z","lastModifiedTime":"0001-01-01T00:00:00Z","sharedGroupsCount":0,"sharedUsersCount":0,"icons":{"smallIconUri":"/16487248193166678216/N6ecebedf-9524-4c53-9631-3b7c6ea0cbdf-small.png","mediumIconUri":"/16487248193166678216/N9c31988b-eebb-429d-9309-def55c415ef4-medium.png","largeIconUri":"/16487248193166678216/N5bcc8aef-606e-4d26-8aca-d5fd79ee6597-large.png","wideIconUri":"/16487248193166678216/N633f8b25-d3c2-4616-80ef-25a8bc124545-wide.png"},"connectionReferences":{"28150e7e-2dec-4e8d-b8d5-5cae09d0e43d":{"id":"846663ec-a9d4-4e9e-9c48-3e9e42cc6b8f","displayName":"SharePoint","iconUri":"https://connectoricons-prod.azureedge.net/sharepointonline/icon_1.0.1019.1195.png","dataSources":["Customers"],"dependencies":[],"dependents":[],"parameterHints":{},"isOnPremiseConnection":false,"bypassConsent":false,"dataSets":{"https://bbspalabs.sharepoint.com/":{"dataSources":{"Customers":{"tableName":"2933bc62-73f7-4d6b-9a90-978e364d82d0"}}}},"apiTier":"Standard","isCustomApiConnection":false}},"almMode":"Environment"}}}