{"schemaVersion":"1.0","appDefinitionTemplate":{"id":"/providers/Microsoft.PowerApps/apps/","type":"Microsoft.PowerApps/apps","tags":{"minimumRequiredApiVersion":"2.2.0"},"properties":{"appVersion":"2019-03-13T00:18:51Z","lifeCycleId":"Published","createdByClientVersion":{"major":3,"minor":19024,"build":16,"revision":0,"majorRevision":0,"minorRevision":0},"minClientVersion":{"major":3,"minor":19024,"build":16,"revision":0,"majorRevision":0,"minorRevision":0},"backgroundColor":"rgba(37, 62, 143, 1)","backgroundImageUri":"/12208543920710510355/N823f2bf7-23f0-440e-ba0e-f8c8c2e2c82e-logoSmallFile","displayName":"Customer Ordering","description":"A sample demo canvas app for Building Business Solutions with PowerApps and Flow.","appUris":{"documentUri":{"value":"/12208543920710510355/N07e31f17-8398-4c4a-9489-4d49e4f98673-document.msapp","readonlyValue":"/12208543920710510355/N07e31f17-8398-4c4a-9489-4d49e4f98673-document.msapp"},"imageUris":[]},"createdTime":"0001-01-01T00:00:00Z","lastModifiedTime":"0001-01-01T00:00:00Z","sharedGroupsCount":0,"sharedUsersCount":0,"icons":{"smallIconUri":"/12208543920710510355/Nd14aca7c-4924-480a-8c1b-6b82ce0869a6-small.png","mediumIconUri":"/12208543920710510355/Nb6ac4751-efd1-47a6-8344-8a559a892f58-medium.png","largeIconUri":"/12208543920710510355/Nfa737358-70a7-42ce-ba05-7fca395d26df-large.png","wideIconUri":"/12208543920710510355/N479b4271-76ab-4fbc-b3ea-e26f2ac38019-wide.png"},"connectionReferences":{"28150e7e-2dec-4e8d-b8d5-5cae09d0e43d":{"id":"846663ec-a9d4-4e9e-9c48-3e9e42cc6b8f","displayName":"SharePoint","iconUri":"https://connectoricons-prod.azureedge.net/sharepointonline/icon_1.0.1019.1195.png","dataSources":["Customers"],"dependencies":[],"dependents":[],"parameterHints":{},"isOnPremiseConnection":false,"bypassConsent":false,"dataSets":{"https://bbspalabs.sharepoint.com/":{"dataSources":{"Customers":{"tableName":"2933bc62-73f7-4d6b-9a90-978e364d82d0"}}}},"apiTier":"Standard","isCustomApiConnection":false},"54155796-376b-4916-9377-baa593a001f3":{"id":"948a234b-f4c9-42d1-84a9-21e0b34bccfb","displayName":"CustomerFactoryAPI","iconUri":"https://prodapiicons.cdn.powerappscdn.net/20190228t000000z8b05b676869a441ab57a822a4557dcf3/customconnectoricon.png","dataSources":["CustomerFactoryApi"],"dependencies":[],"dependents":[],"parameterHints":{},"isOnPremiseConnection":false,"bypassConsent":false,"dataSets":{},"apiTier":"Standard","isCustomApiConnection":true}},"almMode":"Environment"}}}