{"schemaVersion":"1.0","appDefinitionTemplate":{"id":"/providers/Microsoft.PowerApps/apps/","type":"Microsoft.PowerApps/apps","tags":{"minimumRequiredApiVersion":"2.2.0"},"properties":{"appVersion":"2019-04-04T15:44:54Z","lifeCycleId":"Published","createdByClientVersion":{"major":3,"minor":19034,"build":9,"revision":0,"majorRevision":0,"minorRevision":0},"minClientVersion":{"major":3,"minor":19034,"build":9,"revision":0,"majorRevision":0,"minorRevision":0},"backgroundColor":"rgba(1, 60, 96, 1)","backgroundImageUri":"/5202782662692018683/N0a9ad41a-6a95-4db5-a13f-9f07efdfc906-logoSmallFile","displayName":"Edit Forms Versus Patch","description":"","appUris":{"documentUri":{"value":"/5202782662692018683/N9d41f05e-f23c-4d36-8523-7ee988b7fac3-document.msapp","readonlyValue":"/5202782662692018683/N9d41f05e-f23c-4d36-8523-7ee988b7fac3-document.msapp"},"imageUris":[]},"createdTime":"0001-01-01T00:00:00Z","lastModifiedTime":"0001-01-01T00:00:00Z","sharedGroupsCount":0,"sharedUsersCount":0,"icons":{"smallIconUri":"/5202782662692018683/N03327a9b-ba4a-4779-a25a-ae1ad81b6085-small.png","mediumIconUri":"/5202782662692018683/N79cd813c-ebd0-48a7-b19b-47d23ff24cd4-medium.png","largeIconUri":"/5202782662692018683/Ne8231771-a437-478c-9f2a-743ced7b0941-large.png","wideIconUri":"/5202782662692018683/Na85f3efb-b04f-4c8d-be92-fe519d4e2ad0-wide.png"},"connectionReferences":{"e88a16ec-741d-4ac1-b99d-89009bf31db4":{"id":"498bcc61-f955-4784-ae97-d9850f2bb64d","displayName":"SharePoint","iconUri":"https://connectoricons-prod.azureedge.net/sharepointonline/icon_1.0.1019.1195.png","dataSources":["Books"],"dependencies":[],"dependents":[],"parameterHints":{},"isOnPremiseConnection":false,"bypassConsent":false,"dataSets":{"https://summitime.sharepoint.com":{"dataSources":{"Books":{"tableName":"f12679fa-7040-45d6-a05f-484d6efbc2e0"}}}},"apiTier":"Standard","isCustomApiConnection":false}},"almMode":"Environment"}}}