{"name":"383f1a4a-053f-4a18-b83a-530fc8a7cf74","id":"/providers/Microsoft.Flow/flows/383f1a4a-053f-4a18-b83a-530fc8a7cf74","type":"Microsoft.Flow/flows","properties":{"apiId":"/providers/Microsoft.PowerApps/apis/shared_logicflows","displayName":"Add New Customer to SharePoint","definition":{"metadata":{"workflowEntityId":null,"creator":{"id":"5207a3dc-6f6f-4870-8a5b-842f7ed431f3","type":"User","tenantId":"1da5d674-df2c-4117-a9d7-ee0985093682"},"provisioningMethod":"FromDefinition","failureAlertSubscription":true,"clientLastModifiedTime":"2019-08-08T16:08:04.4217069Z"},"$schema":"https://schema.management.azure.com/providers/Microsoft.Logic/schemas/2016-06-01/workflowdefinition.json#","contentVersion":"1.0.0.0","parameters":{"$connections":{"defaultValue":{},"type":"Object"},"$authentication":{"defaultValue":{},"type":"SecureObject"}},"triggers":{"manual":{"type":"Request","kind":"Button","inputs":{"schema":{"type":"object","properties":{},"required":[]}}}},"actions":{"Get_Random_Number":{"runAfter":{},"type":"Compose","inputs":"@rand(1, 380)"},"HTTP":{"runAfter":{"Get_URL_for_HTTP_Request":["Succeeded"]},"type":"Http","inputs":{"method":"GET","uri":"@{outputs('Get_URL_for_HTTP_Request')}","headers":{"accept":"application/json"}}},"Get_URL_for_HTTP_Request":{"runAfter":{"Get_Random_Number":["Succeeded"]},"type":"Compose","inputs":"@replace('https://subliminalsystems.azurewebsites.net/api/Customers(<id>)', '<id>', string(outputs('Get_Random_Number')))"},"Create_item":{"runAfter":{"Parse_JSON":["Succeeded"]},"metadata":{"flowSystemMetadata":{"swaggerOperationId":"PostItem"}},"type":"ApiConnection","inputs":{"host":{"connection":{"name":"@json(decodeBase64(triggerOutputs().headers['X-MS-APIM-Tokens']))['$connections']['shared_sharepointonline']['connectionId']"},"api":{"runtimeUrl":"https://unitedstates-002.azure-apim.net/apim/sharepointonline"}},"method":"post","body":{"Title":"@body('Parse_JSON')?['LastName']","FirstName":"@body('Parse_JSON')?['FirstName']","Company":"@body('Parse_JSON')?['Company']","EMail":"@body('Parse_JSON')?['EmailAddress']","WorkPhone":"@body('Parse_JSON')?['WorkPhone']","HomePhone":"@body('Parse_JSON')?['HomePhone']","WorkAddress":"@body('Parse_JSON')?['Address']","WorkCity":"@body('Parse_JSON')?['City']","WorkState":"@body('Parse_JSON')?['State']","WorkZip":"@body('Parse_JSON')?['Zipcode']"},"path":"/datasets/@{encodeURIComponent(encodeURIComponent('https://summatime.sharepoint.com/'))}/tables/@{encodeURIComponent(encodeURIComponent('584d767e-c14b-423c-b1ff-0df20b1ab522'))}/items","authentication":{"type":"Raw","value":"@json(decodeBase64(triggerOutputs().headers['X-MS-APIM-Tokens']))['$ConnectionKey']"}}},"Parse_JSON":{"runAfter":{"HTTP":["Succeeded"]},"type":"ParseJson","inputs":{"content":"@body('HTTP')","schema":{"type":"object","properties":{"CustomerId":{"type":"integer"},"FirstName":{"type":"string"},"LastName":{"type":"string"},"Company":{"type":"string"},"EmailAddress":{"type":"string"},"WorkPhone":{"type":"string"},"HomePhone":{"type":"string"},"Address":{"type":"string"},"City":{"type":"string"},"State":{"type":"string"},"Zipcode":{"type":"string"},"Gender":{"type":"string"},"BirthDate":{"type":"string"},"FirstPurchaseDate":{"type":"string"},"LastPurchaseDate":{"type":"string"}}}}}},"outputs":{}},"connectionReferences":{"shared_sharepointonline":{"connectionName":"1e4268b1321e47e5b434f16e8eac9ccc","source":"Invoker","id":"/providers/Microsoft.PowerApps/apis/shared_sharepointonline","tier":"NotSpecified"}},"flowFailureAlertSubscribed":false}}