{"name":"bdca6db1-7be2-4932-8257-6e951e371af6","id":"/providers/Microsoft.Flow/flows/bdca6db1-7be2-4932-8257-6e951e371af6","type":"Microsoft.Flow/flows","properties":{"apiId":"/providers/Microsoft.PowerApps/apis/shared_logicflows","displayName":"Track new Tweets containing #PowerApp","definition":{"metadata":{"workflowEntityId":null,"creator":{"id":"247b6bcf-15fe-4b47-8d26-a6d474bfce04","type":"User","tenantId":"a17ebec6-3881-4f11-9017-0fe192be0d35"},"provisioningMethod":"FromDefinition","failureAlertSubscription":true,"clientLastModifiedTime":"2018-12-03T20:37:18.200311Z"},"$schema":"https://schema.management.azure.com/providers/Microsoft.Logic/schemas/2016-06-01/workflowdefinition.json#","contentVersion":"1.0.0.0","parameters":{"$connections":{"defaultValue":{},"type":"Object"},"$authentication":{"defaultValue":{},"type":"SecureObject"}},"triggers":{"When_a_new_tweet_appears":{"recurrence":{"interval":1,"frequency":"Minute"},"splitOn":"@triggerBody()?.value","metadata":{"flowSystemMetadata":{"swaggerOperationId":"OnNewTweet"}},"type":"ApiConnection","inputs":{"host":{"api":{"runtimeUrl":"https://unitedstates-002.azure-apim.net/apim/twitter"},"connection":{"name":"@parameters('$connections')['shared_twitter']['connectionId']"}},"method":"get","path":"/onnewtweet","queries":{"searchQuery":"#PowerApps"},"authentication":"@parameters('$authentication')"},"conditions":[]}},"actions":{"Get_user":{"runAfter":{},"metadata":{"flowSystemMetadata":{"swaggerOperationId":"User"}},"type":"ApiConnection","inputs":{"host":{"api":{"runtimeUrl":"https://unitedstates-002.azure-apim.net/apim/twitter"},"connection":{"name":"@parameters('$connections')['shared_twitter']['connectionId']"}},"method":"get","path":"/user","queries":{"userName":"@{triggerBody()['TweetedBy']}"},"authentication":"@parameters('$authentication')"}},"Send_Email":{"runAfter":{"Get_user":["Succeeded"]},"metadata":{"flowSystemMetadata":{"swaggerOperationId":"SendEmail"}},"type":"ApiConnection","inputs":{"host":{"api":{"runtimeUrl":"https://unitedstates-002.azure-apim.net/apim/outlook"},"connection":{"name":"@parameters('$connections')['shared_outlook']['connectionId']"}},"method":"post","body":{"To":"student@powerpuff.onmicrosoft.com","Subject":"New tweet about PowerApps from @{body('Get_user')['FullName']}","Body":"Tweet: @{triggerBody()?['TweetText']}\n----\nTweeted by: @{body('Get_user')['UserName']}"},"path":"/Mail","authentication":"@parameters('$authentication')"}},"Add_a_row_into_a_table":{"runAfter":{"Send_Email":["Succeeded"]},"metadata":{"01ICZEZRWZOMDEHIGYXBB2ZUBZZ67GRP6X":"/Tweets.xlsx","flowSystemMetadata":{"swaggerOperationId":"AddRowV2"}},"type":"ApiConnection","inputs":{"host":{"api":{"runtimeUrl":"https://unitedstates-002.azure-apim.net/apim/excelonlinebusiness"},"connection":{"name":"@parameters('$connections')['shared_excelonlinebusiness']['connectionId']"}},"method":"post","body":{"Time":"@{utcNow()}","Tweeter":"@body('Get_user')['FullName']","ScreenName":"@body('Get_user')['UserName']","RetweetCount":"@{triggerBody()?['RetweetCount']}","TweetText":"@triggerBody()?['TweetText']"},"path":"/codeless/v1.2/drives/@{encodeURIComponent('b!sxVCkJFZk0OTNVocki2E5gOqBW0gQ-dJvGL4B-jBTfEOobHiqr3CRboc8WygDuGO')}/items/@{encodeURIComponent('01ICZEZRWZOMDEHIGYXBB2ZUBZZ67GRP6X')}/workbook/tables/@{encodeURIComponent('1')}/rows","queries":{"source":"me"},"authentication":"@parameters('$authentication')"}}},"description":"Track tweets about a keyword that you're interested in your Outlook.com inbox. You'll get an email every time there's a tweet about your keyword along with some basic user details."},"connectionReferences":{"shared_twitter":{"connectionName":"shared-twitter-883c1a5e-29e9-4415-847f-46652663e959","source":"Embedded","id":"/providers/Microsoft.PowerApps/apis/shared_twitter","tier":"NotSpecified"},"shared_outlook":{"connectionName":"shared-outlook-90e35987-5d8f-4bc8-8a90-c7b7d41620b7","source":"Embedded","id":"/providers/Microsoft.PowerApps/apis/shared_outlook","tier":"NotSpecified"},"shared_excelonlinebusiness":{"connectionName":"shared-excelonlinebu-79ad563b-166c-40c6-a17d-1b1b5248fefd","source":"Embedded","id":"/providers/Microsoft.PowerApps/apis/shared_excelonlinebusiness","tier":"NotSpecified"}},"flowFailureAlertSubscribed":false}}