{"schemaVersion":"1.0","appDefinitionTemplate":{"id":"/providers/Microsoft.PowerApps/apps/","type":"Microsoft.PowerApps/apps","tags":{"minimumRequiredApiVersion":"2.2.0"},"properties":{"appVersion":"2019-02-26T18:27:03Z","lifeCycleId":"Published","createdByClientVersion":{"major":3,"minor":19022,"build":17,"revision":0,"majorRevision":0,"minorRevision":0},"minClientVersion":{"major":3,"minor":19022,"build":17,"revision":0,"majorRevision":0,"minorRevision":0},"backgroundColor":"rgba(37, 62, 143, 1)","backgroundImageUri":"/16487248193166678216/N0de73c81-54f3-4d3d-8c06-b2e070875060-logoSmallFile","displayName":"Customer Ordering","description":"A sample demo canvas app for Building Business Solutions with PowerApps and Flow.","appUris":{"documentUri":{"value":"/16487248193166678216/N934e8a33-4737-48af-a187-62091d5b12a9-document.msapp","readonlyValue":"/16487248193166678216/N934e8a33-4737-48af-a187-62091d5b12a9-document.msapp"},"imageUris":[]},"createdTime":"0001-01-01T00:00:00Z","lastModifiedTime":"0001-01-01T00:00:00Z","sharedGroupsCount":0,"sharedUsersCount":0,"icons":{"smallIconUri":"/16487248193166678216/N40e4e1e9-d62d-48b5-89ac-4544a71a0493-small.png","mediumIconUri":"/16487248193166678216/N54be1ef3-0e0a-4e57-90ca-eef3dbb2b3b9-medium.png","largeIconUri":"/16487248193166678216/Nb1f24efd-01d9-4321-9c65-acc2a5808d82-large.png","wideIconUri":"/16487248193166678216/N89c60284-9bc3-4ad4-b6f3-58e1a5dac223-wide.png"},"connectionReferences":{},"almMode":"Environment"}}}