{"schemaVersion":"1.0","appDefinitionTemplate":{"id":"/providers/Microsoft.PowerApps/apps/","type":"Microsoft.PowerApps/apps","tags":{"minimumRequiredApiVersion":"2.2.0"},"properties":{"appVersion":"2019-04-13T13:43:55Z","lifeCycleId":"Published","createdByClientVersion":{"major":3,"minor":19041,"build":12,"revision":0,"majorRevision":0,"minorRevision":0},"minClientVersion":{"major":3,"minor":19041,"build":12,"revision":0,"majorRevision":0,"minorRevision":0},"backgroundColor":"rgba(37, 62, 143, 1)","backgroundImageUri":"/13091984110823953280/N0f1b13ee-7eae-4228-97eb-4dc54f9cf864-logoSmallFile","displayName":"Customer Ordering","description":"A sample demo canvas app for Building Business Solutions with PowerApps and Flow.","appUris":{"documentUri":{"value":"/13091984110823953280/Nb345a3f7-d883-47ec-b117-20549ef99d9f-document.msapp","readonlyValue":"/13091984110823953280/Nb345a3f7-d883-47ec-b117-20549ef99d9f-document.msapp"},"imageUris":[]},"createdTime":"0001-01-01T00:00:00Z","lastModifiedTime":"0001-01-01T00:00:00Z","sharedGroupsCount":0,"sharedUsersCount":0,"icons":{"smallIconUri":"/13091984110823953280/Nf1cc74a0-f67c-4478-a86b-7285c619bdd7-small.png","mediumIconUri":"/13091984110823953280/Nae66c533-0c45-4d84-a6ed-a7d15718cace-medium.png","largeIconUri":"/13091984110823953280/N21cae640-75e5-40c7-a51b-00a0caccf9d2-large.png","wideIconUri":"/13091984110823953280/Nc8aeff4a-b51c-4ec9-a684-b79773083f66-wide.png"},"connectionReferences":{"54155796-376b-4916-9377-baa593a001f3":{"id":"b7993ecd-0f0b-4015-9a5f-ad6b5bfe7fbe","displayName":"CustomerFactoryAPI","iconUri":"https://prodapiicons.cdn.powerappscdn.net/20190406t000000z518c7660138b4f0089123c844fe6909d/customconnectoricon.customconnectoricon","dataSources":["CustomerFactoryApi"],"dependencies":[],"dependents":[],"parameterHints":{},"isOnPremiseConnection":false,"bypassConsent":false,"dataSets":{},"apiTier":"Standard","isCustomApiConnection":true},"4cfd0b5c-90be-442e-879d-f7ee028c32f7":{"id":"80313b30-ff9f-4021-8bcf-41f64d498ac7","displayName":"SharePoint","iconUri":"https://connectoricons-prod.azureedge.net/sharepointonline/icon_1.0.1019.1195.png","dataSources":["Customers","Orders","OrderDetails"],"dependencies":[],"dependents":[],"parameterHints":{},"isOnPremiseConnection":false,"bypassConsent":false,"dataSets":{"https://labs4bbspa.sharepoint.com":{"dataSources":{"Customers":{"tableName":"b19e7788-a260-4767-be46-86ef828df3ae"},"Orders":{"tableName":"ac60db6b-83b4-4215-ac61-4a92000c691e"},"OrderDetails":{"tableName":"71d2e18e-1c7c-4c1f-95db-3f964d847f71"}}}},"apiTier":"Standard","isCustomApiConnection":false}},"almMode":"Environment"}}}