{"schemaVersion":"1.0","appDefinitionTemplate":{"id":"/providers/Microsoft.PowerApps/apps/","type":"Microsoft.PowerApps/apps","tags":{"minimumRequiredApiVersion":"2.2.0"},"properties":{"appVersion":"2019-04-15T16:50:33Z","lifeCycleId":"Published","createdByClientVersion":{"major":3,"minor":19041,"build":12,"revision":0,"majorRevision":0,"minorRevision":0},"minClientVersion":{"major":3,"minor":19041,"build":12,"revision":0,"majorRevision":0,"minorRevision":0},"backgroundColor":"rgba(0, 176, 240, 1)","backgroundImageUri":"/12243743984872262266/N4a8060c0-adee-4b08-93d2-2f4cfe5699d6-logoSmallFile","displayName":"Relative Styling Demo","description":"","appUris":{"documentUri":{"value":"/12243743984872262266/N448bfc36-981c-4b2e-8eda-6f174c3c45b3-document.msapp","readonlyValue":"/12243743984872262266/N448bfc36-981c-4b2e-8eda-6f174c3c45b3-document.msapp"},"imageUris":[]},"createdTime":"0001-01-01T00:00:00Z","lastModifiedTime":"0001-01-01T00:00:00Z","sharedGroupsCount":0,"sharedUsersCount":0,"icons":{"smallIconUri":"/12243743984872262266/Nfca6b147-956d-450f-a36f-8f6a424443bc-small.png","mediumIconUri":"/12243743984872262266/Nd5f8c3ea-16f9-488e-8c05-22ce409ea10e-medium.png","largeIconUri":"/12243743984872262266/N2162849b-eadc-4fea-a42e-f2f383539968-large.png","wideIconUri":"/12243743984872262266/N28ac2d78-1c17-4405-a097-1febf10d9eda-wide.png"},"connectionReferences":{},"almMode":"Environment"}}}